subject	channel	retained_epochs_changed	retained_epochs
001	Fp1	0	3275
001	Fz	16	3275
001	F3	0	3275
001	F7	0	3275
001	FC5	0	3275
001	FC1	69	3275
001	C3	0	3275
001	T7	35	3275
001	TP9	6	3275
001	CP5	410	3275
001	CP1	62	3275
001	Pz	61	3275
001	P3	185	3275
001	P7	507	3275
001	O1	277	3275
001	Oz	29	3275
001	O2	75	3275
001	P4	0	3275
001	P8	299	3275
001	TP10	0	3275
001	CP6	450	3275
001	CP2	0	3275
001	Cz	0	3275
001	C4	198	3275
001	T8	14	3275
001	FT10	19	3275
001	FC6	2	3275
001	FC2	86	3275
001	F4	0	3275
001	F8	39	3275
001	Fp2	0	3275
001	AF7	0	3275
001	AF3	0	3275
001	AFz	733	3275
001	F1	0	3275
001	F5	22	3275
001	FC3	0	3275
001	FCz	92	3275
001	C1	63	3275
001	C5	75	3275
001	TP7	1280	3275
001	CP3	1	3275
001	P1	47	3275
001	P5	1083	3275
001	PO7	376	3275
001	PO3	0	3275
001	POz	26	3275
001	PO4	24	3275
001	PO8	1477	3275
001	P6	233	3275
001	P2	45	3275
001	CP4	0	3275
001	TP8	390	3275
001	C6	151	3275
001	C2	90	3275
001	FC4	13	3275
001	FT8	11	3275
001	F6	6	3275
001	F2	103	3275
001	AF4	0	3275
001	AF8	33	3275
002	Fp1	11	1553
002	Fz	463	1553
002	F3	71	1553
002	F7	0	1553
002	FC5	10	1553
002	FC1	47	1553
002	C3	0	1553
002	T7	1	1553
002	CP5	0	1553
002	CP1	0	1553
002	Pz	29	1553
002	P3	0	1553
002	P7	0	1553
002	O1	499	1553
002	Oz	30	1553
002	O2	0	1553
002	P4	31	1553
002	P8	340	1553
002	TP10	0	1553
002	CP6	373	1553
002	CP2	0	1553
002	Cz	74	1553
002	C4	45	1553
002	FC6	76	1553
002	FC2	0	1553
002	F4	0	1553
002	F8	0	1553
002	AF7	47	1553
002	AF3	37	1553
002	AFz	47	1553
002	F1	94	1553
002	F5	439	1553
002	FT7	8	1553
002	FC3	0	1553
002	FCz	46	1553
002	C1	0	1553
002	C5	53	1553
002	TP7	57	1553
002	CP3	0	1553
002	P1	0	1553
002	P5	0	1553
002	PO7	370	1553
002	PO3	329	1553
002	POz	301	1553
002	PO4	223	1553
002	PO8	344	1553
002	P6	0	1553
002	P2	18	1553
002	CP4	48	1553
002	TP8	28	1553
002	C6	106	1553
002	C2	28	1553
002	FC4	41	1553
002	FT8	0	1553
002	F6	18	1553
002	F2	0	1553
002	AF4	0	1553
002	AF8	0	1553
003	Fp1	0	1417
003	Fz	15	1417
003	F3	0	1417
003	F7	8	1417
003	FT9	4	1417
003	FC5	8	1417
003	FC1	0	1417
003	C3	0	1417
003	TP9	94	1417
003	CP5	62	1417
003	CP1	0	1417
003	Pz	0	1417
003	P3	6	1417
003	P7	0	1417
003	O1	0	1417
003	Oz	33	1417
003	O2	35	1417
003	P4	3	1417
003	P8	13	1417
003	TP10	0	1417
003	CP6	0	1417
003	Cz	0	1417
003	C4	145	1417
003	T8	0	1417
003	FT10	0	1417
003	FC6	0	1417
003	FC2	2	1417
003	F4	0	1417
003	F8	58	1417
003	Fp2	218	1417
003	AF7	8	1417
003	AF3	0	1417
003	AFz	5	1417
003	F1	0	1417
003	F5	2	1417
003	FT7	16	1417
003	FC3	0	1417
003	FCz	0	1417
003	C1	0	1417
003	C5	295	1417
003	TP7	365	1417
003	CP3	20	1417
003	P1	10	1417
003	P5	34	1417
003	PO7	7	1417
003	PO3	58	1417
003	POz	9	1417
003	PO4	112	1417
003	PO8	91	1417
003	P6	56	1417
003	P2	0	1417
003	CP4	2	1417
003	TP8	3	1417
003	C6	13	1417
003	C2	19	1417
003	FC4	0	1417
003	FT8	137	1417
003	F6	7	1417
003	F2	0	1417
003	AF4	1	1417
003	AF8	3	1417
004	Fp1	21	835
004	Fz	24	835
004	F3	0	835
004	F7	43	835
004	FT9	248	835
004	FC5	0	835
004	FC1	18	835
004	C3	4	835
004	T7	0	835
004	TP9	37	835
004	CP5	2	835
004	CP1	3	835
004	Pz	13	835
004	P3	1	835
004	P7	17	835
004	O1	156	835
004	Oz	175	835
004	O2	90	835
004	P4	63	835
004	P8	10	835
004	TP10	1	835
004	CP6	1	835
004	CP2	21	835
004	Cz	57	835
004	C4	0	835
004	T8	383	835
004	FT10	202	835
004	FC6	211	835
004	FC2	0	835
004	F4	31	835
004	F8	30	835
004	AF7	15	835
004	AF3	1	835
004	F1	0	835
004	F5	0	835
004	FT7	185	835
004	FC3	1	835
004	FCz	0	835
004	C1	13	835
004	C5	8	835
004	TP7	221	835
004	CP3	4	835
004	P1	5	835
004	P5	0	835
004	PO7	105	835
004	PO3	70	835
004	POz	10	835
004	PO4	14	835
004	PO8	131	835
004	P6	0	835
004	P2	13	835
004	CP4	34	835
004	TP8	76	835
004	C6	2	835
004	C2	131	835
004	FC4	99	835
004	FT8	185	835
004	F6	20	835
004	F2	29	835
004	AF4	17	835
005	Fz	19	2094
005	F3	26	2094
005	F7	29	2094
005	FT9	21	2094
005	FC5	33	2094
005	FC1	0	2094
005	C3	0	2094
005	T7	49	2094
005	TP9	188	2094
005	CP5	23	2094
005	Pz	53	2094
005	P3	18	2094
005	P7	162	2094
005	O1	245	2094
005	Oz	289	2094
005	O2	398	2094
005	P4	0	2094
005	P8	264	2094
005	TP10	94	2094
005	CP6	16	2094
005	Cz	47	2094
005	C4	21	2094
005	FC6	12	2094
005	FC2	16	2094
005	F4	105	2094
005	F8	255	2094
005	Fp2	22	2094
005	AF7	148	2094
005	AF3	0	2094
005	AFz	58	2094
005	F1	22	2094
005	F5	0	2094
005	FT7	21	2094
005	FC3	0	2094
005	FCz	39	2094
005	C1	45	2094
005	C5	162	2094
005	TP7	79	2094
005	CP3	0	2094
005	P1	36	2094
005	P5	51	2094
005	PO7	240	2094
005	PO3	98	2094
005	POz	0	2094
005	PO4	0	2094
005	PO8	211	2094
005	P6	234	2094
005	P2	26	2094
005	CP4	34	2094
005	TP8	4	2094
005	C6	43	2094
005	C2	15	2094
005	FC4	7	2094
005	FT8	33	2094
005	F6	64	2094
005	F2	80	2094
005	AF4	23	2094
005	AF8	324	2094
006	Fp1	0	1678
006	Fz	556	1678
006	F3	684	1678
006	F7	44	1678
006	FT9	0	1678
006	FC5	0	1678
006	FC1	1560	1678
006	C3	326	1678
006	T7	0	1678
006	TP9	54	1678
006	CP5	1017	1678
006	CP1	0	1678
006	Pz	0	1678
006	P3	0	1678
006	P7	43	1678
006	O1	16	1678
006	Oz	0	1678
006	O2	0	1678
006	P4	0	1678
006	P8	360	1678
006	TP10	413	1678
006	CP6	1	1678
006	CP2	6	1678
006	Cz	0	1678
006	C4	601	1678
006	FT10	0	1678
006	FC6	10	1678
006	FC2	0	1678
006	F4	0	1678
006	F8	281	1678
006	Fp2	0	1678
006	AF7	6	1678
006	AF3	4	1678
006	AFz	0	1678
006	F1	504	1678
006	F5	115	1678
006	FT7	177	1678
006	FC3	201	1678
006	FCz	234	1678
006	C1	84	1678
006	C5	6	1678
006	CP3	673	1678
006	P1	0	1678
006	P5	0	1678
006	PO7	326	1678
006	PO3	40	1678
006	POz	0	1678
006	PO4	0	1678
006	PO8	0	1678
006	P6	0	1678
006	P2	20	1678
006	CP4	18	1678
006	TP8	301	1678
006	C6	1	1678
006	C2	19	1678
006	FC4	0	1678
006	FT8	62	1678
006	F6	28	1678
006	F2	1285	1678
006	AF4	4	1678
006	AF8	426	1678
007	Fp1	0	626
007	Fz	0	626
007	F3	0	626
007	F7	199	626
007	FT9	0	626
007	FC5	356	626
007	FC1	0	626
007	C3	68	626
007	T7	0	626
007	TP9	19	626
007	CP5	252	626
007	CP1	1	626
007	Pz	1	626
007	P3	10	626
007	P7	6	626
007	O1	53	626
007	O2	3	626
007	P4	11	626
007	P8	3	626
007	TP10	0	626
007	CP6	62	626
007	CP2	11	626
007	Cz	6	626
007	C4	59	626
007	T8	47	626
007	FC6	58	626
007	FC2	0	626
007	F4	402	626
007	F8	27	626
007	Fp2	47	626
007	AF7	26	626
007	AF3	0	626
007	AFz	505	626
007	F1	3	626
007	F5	375	626
007	FT7	235	626
007	FC3	33	626
007	FCz	5	626
007	C1	0	626
007	C5	312	626
007	TP7	0	626
007	CP3	1	626
007	P5	61	626
007	PO7	2	626
007	POz	33	626
007	PO4	15	626
007	PO8	4	626
007	P6	0	626
007	P2	2	626
007	CP4	26	626
007	TP8	68	626
007	C6	36	626
007	C2	18	626
007	FC4	39	626
007	FT8	42	626
007	F6	262	626
007	F2	0	626
007	AF4	71	626
007	AF8	21	626
008	Fp1	276	2169
008	Fz	25	2169
008	F3	534	2169
008	F7	178	2169
008	FC5	664	2169
008	FC1	51	2169
008	C3	298	2169
008	T7	7	2169
008	TP9	76	2169
008	CP5	1	2169
008	CP1	154	2169
008	Pz	102	2169
008	P3	642	2169
008	P7	565	2169
008	O1	2	2169
008	Oz	494	2169
008	O2	407	2169
008	P4	33	2169
008	P8	1069	2169
008	CP6	756	2169
008	Cz	43	2169
008	C4	336	2169
008	T8	498	2169
008	FC6	1728	2169
008	FC2	56	2169
008	F4	172	2169
008	F8	70	2169
008	Fp2	1088	2169
008	AF7	874	2169
008	AF3	962	2169
008	AFz	81	2169
008	F1	253	2169
008	F5	144	2169
008	FT7	144	2169
008	FC3	220	2169
008	FCz	7	2169
008	C1	174	2169
008	C5	441	2169
008	TP7	0	2169
008	CP3	542	2169
008	P5	0	2169
008	PO7	520	2169
008	PO3	394	2169
008	POz	45	2169
008	PO4	43	2169
008	PO8	0	2169
008	P6	445	2169
008	P2	11	2169
008	CP4	351	2169
008	TP8	0	2169
008	C6	980	2169
008	C2	56	2169
008	FC4	511	2169
008	F6	540	2169
008	F2	76	2169
008	AF4	1697	2169
008	AF8	137	2169
009	Fp1	5	2410
009	Fz	67	2410
009	F3	37	2410
009	F7	0	2410
009	FT9	0	2410
009	FC5	0	2410
009	FC1	75	2410
009	C3	109	2410
009	T7	0	2410
009	TP9	358	2410
009	CP5	58	2410
009	CP1	0	2410
009	Pz	23	2410
009	P3	123	2410
009	P7	0	2410
009	O1	931	2410
009	Oz	460	2410
009	O2	222	2410
009	P4	271	2410
009	P8	486	2410
009	CP6	77	2410
009	CP2	0	2410
009	Cz	0	2410
009	C4	0	2410
009	T8	28	2410
009	FT10	84	2410
009	FC6	427	2410
009	FC2	0	2410
009	F4	0	2410
009	F8	86	2410
009	Fp2	239	2410
009	AF7	4	2410
009	AF3	12	2410
009	AFz	674	2410
009	F1	239	2410
009	F5	0	2410
009	FT7	0	2410
009	FC3	233	2410
009	FCz	0	2410
009	C1	103	2410
009	C5	900	2410
009	TP7	0	2410
009	CP3	50	2410
009	P1	12	2410
009	P5	8	2410
009	PO3	1503	2410
009	POz	1608	2410
009	PO4	0	2410
009	PO8	713	2410
009	P6	0	2410
009	P2	0	2410
009	CP4	30	2410
009	TP8	60	2410
009	C6	478	2410
009	C2	0	2410
009	FC4	0	2410
009	FT8	109	2410
009	F6	255	2410
009	F2	0	2410
009	AF4	1050	2410
009	AF8	1340	2410
010	Fp1	0	1615
010	Fz	2	1615
010	F3	117	1615
010	F7	0	1615
010	FT9	11	1615
010	FC5	176	1615
010	FC1	31	1615
010	C3	0	1615
010	T7	119	1615
010	TP9	26	1615
010	CP5	102	1615
010	CP1	0	1615
010	Pz	6	1615
010	P3	0	1615
010	P7	258	1615
010	O1	43	1615
010	Oz	97	1615
010	O2	204	1615
010	P4	6	1615
010	P8	35	1615
010	TP10	143	1615
010	CP6	30	1615
010	CP2	7	1615
010	Cz	0	1615
010	C4	0	1615
010	T8	0	1615
010	FT10	0	1615
010	FC6	39	1615
010	FC2	77	1615
010	F4	12	1615
010	F8	25	1615
010	Fp2	0	1615
010	AF7	0	1615
010	AF3	18	1615
010	AFz	0	1615
010	F1	5	1615
010	F5	2	1615
010	FT7	148	1615
010	FC3	157	1615
010	FCz	45	1615
010	C1	0	1615
010	C5	55	1615
010	TP7	4	1615
010	CP3	22	1615
010	P1	10	1615
010	P5	18	1615
010	PO7	28	1615
010	PO3	29	1615
010	POz	62	1615
010	PO4	3	1615
010	PO8	247	1615
010	P6	88	1615
010	P2	7	1615
010	CP4	15	1615
010	TP8	15	1615
010	C6	394	1615
010	C2	0	1615
010	FC4	120	1615
010	FT8	28	1615
010	F6	38	1615
010	F2	5	1615
010	AF4	0	1615
010	AF8	13	1615
011	Fp1	199	2467
011	Fz	97	2467
011	F3	246	2467
011	F7	0	2467
011	FT9	9	2467
011	FC5	0	2467
011	FC1	0	2467
011	C3	0	2467
011	TP9	0	2467
011	CP5	0	2467
011	Pz	79	2467
011	P3	0	2467
011	P7	0	2467
011	O1	0	2467
011	Oz	0	2467
011	O2	34	2467
011	P4	0	2467
011	P8	60	2467
011	TP10	363	2467
011	CP6	0	2467
011	C4	195	2467
011	T8	15	2467
011	FT10	104	2467
011	FC6	0	2467
011	FC2	66	2467
011	F4	0	2467
011	F8	0	2467
011	Fp2	0	2467
011	AF7	0	2467
011	AF3	0	2467
011	AFz	314	2467
011	F1	452	2467
011	F5	0	2467
011	FT7	106	2467
011	FC3	0	2467
011	FCz	882	2467
011	C1	0	2467
011	C5	0	2467
011	TP7	367	2467
011	CP3	53	2467
011	P1	60	2467
011	P5	0	2467
011	PO7	98	2467
011	PO3	0	2467
011	POz	89	2467
011	PO4	0	2467
011	PO8	8	2467
011	P6	0	2467
011	P2	249	2467
011	CP4	88	2467
011	TP8	0	2467
011	C6	0	2467
011	C2	265	2467
011	FC4	0	2467
011	FT8	0	2467
011	F6	0	2467
011	F2	0	2467
011	AF4	77	2467
011	AF8	0	2467
012	Fp1	0	1978
012	Fz	76	1978
012	F3	81	1978
012	F7	455	1978
012	FC5	393	1978
012	FC1	12	1978
012	C3	19	1978
012	T7	703	1978
012	CP5	30	1978
012	Pz	55	1978
012	P3	62	1978
012	P7	262	1978
012	O1	121	1978
012	Oz	14	1978
012	O2	2	1978
012	P4	51	1978
012	P8	92	1978
012	TP10	532	1978
012	CP6	769	1978
012	Cz	66	1978
012	C4	17	1978
012	T8	0	1978
012	FT10	4	1978
012	FC6	0	1978
012	FC2	53	1978
012	F4	1	1978
012	F8	56	1978
012	Fp2	0	1978
012	AF7	367	1978
012	AF3	504	1978
012	AFz	388	1978
012	F1	9	1978
012	F5	331	1978
012	FT7	1	1978
012	FC3	1	1978
012	FCz	22	1978
012	C1	10	1978
012	C5	361	1978
012	TP7	299	1978
012	CP3	65	1978
012	P1	5	1978
012	P5	76	1978
012	PO7	0	1978
012	PO3	205	1978
012	POz	126	1978
012	PO4	552	1978
012	PO8	11	1978
012	P6	0	1978
012	P2	125	1978
012	CP4	0	1978
012	TP8	1624	1978
012	C6	57	1978
012	C2	18	1978
012	FC4	9	1978
012	FT8	0	1978
012	F6	1452	1978
012	F2	0	1978
012	AF4	114	1978
012	AF8	39	1978
013	Fp1	42	1635
013	Fz	27	1635
013	F3	30	1635
013	F7	121	1635
013	FT9	0	1635
013	FC5	0	1635
013	FC1	61	1635
013	C3	0	1635
013	T7	32	1635
013	TP9	3	1635
013	CP5	0	1635
013	CP1	0	1635
013	Pz	54	1635
013	P3	14	1635
013	P7	47	1635
013	O1	274	1635
013	Oz	23	1635
013	O2	25	1635
013	P4	66	1635
013	P8	457	1635
013	TP10	7	1635
013	CP6	936	1635
013	CP2	77	1635
013	Cz	0	1635
013	C4	127	1635
013	T8	9	1635
013	FC6	0	1635
013	FC2	0	1635
013	F4	553	1635
013	F8	60	1635
013	Fp2	94	1635
013	AF7	94	1635
013	AF3	7	1635
013	AFz	9	1635
013	F1	19	1635
013	F5	36	1635
013	FT7	102	1635
013	FC3	0	1635
013	FCz	0	1635
013	C1	48	1635
013	C5	0	1635
013	TP7	45	1635
013	CP3	0	1635
013	P1	23	1635
013	P5	118	1635
013	PO7	509	1635
013	PO3	189	1635
013	POz	180	1635
013	PO4	133	1635
013	PO8	0	1635
013	P6	188	1635
013	P2	18	1635
013	CP4	582	1635
013	TP8	208	1635
013	C6	805	1635
013	C2	188	1635
013	FC4	307	1635
013	FT8	65	1635
013	F6	40	1635
013	F2	43	1635
013	AF4	18	1635
013	AF8	116	1635
014	Fp1	2205	2274
014	Fz	0	2274
014	F3	576	2274
014	F7	67	2274
014	FT9	67	2274
014	FC5	119	2274
014	FC1	0	2274
014	C3	0	2274
014	T7	0	2274
014	TP9	53	2274
014	CP5	786	2274
014	CP1	0	2274
014	Pz	44	2274
014	P3	0	2274
014	P7	197	2274
014	O1	388	2274
014	Oz	56	2274
014	O2	32	2274
014	P4	19	2274
014	P8	120	2274
014	TP10	27	2274
014	CP6	658	2274
014	Cz	0	2274
014	C4	383	2274
014	T8	13	2274
014	FT10	273	2274
014	FC6	1970	2274
014	FC2	64	2274
014	F4	0	2274
014	F8	2135	2274
014	Fp2	158	2274
014	AF7	96	2274
014	AF3	1011	2274
014	AFz	1786	2274
014	F1	0	2274
014	F5	0	2274
014	FT7	117	2274
014	FC3	0	2274
014	FCz	0	2274
014	C1	0	2274
014	C5	0	2274
014	TP7	85	2274
014	CP3	0	2274
014	P1	62	2274
014	P5	0	2274
014	PO7	0	2274
014	PO3	302	2274
014	POz	420	2274
014	PO4	268	2274
014	PO8	245	2274
014	P6	576	2274
014	CP4	0	2274
014	TP8	103	2274
014	C6	1053	2274
014	C2	73	2274
014	FC4	0	2274
014	FT8	0	2274
014	F6	0	2274
014	F2	0	2274
014	AF4	1953	2274
014	AF8	0	2274
015	Fp1	2	1918
015	Fz	0	1918
015	F3	74	1918
015	F7	49	1918
015	FT9	125	1918
015	FC5	35	1918
015	FC1	0	1918
015	C3	0	1918
015	T7	518	1918
015	TP9	53	1918
015	CP5	0	1918
015	Pz	0	1918
015	P3	36	1918
015	P7	538	1918
015	O1	0	1918
015	Oz	20	1918
015	O2	148	1918
015	P4	40	1918
015	P8	1625	1918
015	TP10	207	1918
015	CP6	173	1918
015	CP2	51	1918
015	Cz	0	1918
015	C4	63	1918
015	T8	0	1918
015	FT10	52	1918
015	FC6	17	1918
015	FC2	35	1918
015	F4	0	1918
015	F8	17	1918
015	Fp2	45	1918
015	AF7	29	1918
015	AF3	12	1918
015	AFz	4	1918
015	F1	8	1918
015	F5	11	1918
015	FT7	31	1918
015	FC3	3	1918
015	FCz	0	1918
015	C1	0	1918
015	C5	37	1918
015	TP7	185	1918
015	CP3	24	1918
015	P1	0	1918
015	P5	109	1918
015	PO7	37	1918
015	PO3	274	1918
015	POz	320	1918
015	PO4	74	1918
015	PO8	121	1918
015	P6	13	1918
015	P2	14	1918
015	CP4	0	1918
015	TP8	0	1918
015	C6	0	1918
015	C2	102	1918
015	FC4	0	1918
015	FT8	59	1918
015	F6	907	1918
015	F2	0	1918
015	AF4	1	1918
015	AF8	59	1918
016	Fp1	99	2501
016	Fz	247	2501
016	F3	382	2501
016	F7	314	2501
016	FT9	57	2501
016	FC5	0	2501
016	FC1	80	2501
016	C3	88	2501
016	T7	485	2501
016	TP9	114	2501
016	CP5	962	2501
016	CP1	140	2501
016	P3	108	2501
016	P7	0	2501
016	O1	819	2501
016	Oz	284	2501
016	O2	332	2501
016	P4	50	2501
016	P8	72	2501
016	CP6	1652	2501
016	CP2	41	2501
016	Cz	189	2501
016	C4	128	2501
016	T8	1334	2501
016	FT10	1280	2501
016	FC6	2146	2501
016	FC2	0	2501
016	F4	0	2501
016	F8	0	2501
016	Fp2	261	2501
016	AF7	98	2501
016	AF3	24	2501
016	AFz	0	2501
016	F1	0	2501
016	F5	427	2501
016	FT7	159	2501
016	FCz	84	2501
016	C1	179	2501
016	C5	120	2501
016	TP7	123	2501
016	CP3	112	2501
016	P1	308	2501
016	P5	423	2501
016	PO7	506	2501
016	PO3	530	2501
016	POz	320	2501
016	PO4	374	2501
016	PO8	1830	2501
016	P6	73	2501
016	P2	205	2501
016	CP4	56	2501
016	TP8	1107	2501
016	C6	1490	2501
016	C2	75	2501
016	FC4	192	2501
016	FT8	1674	2501
016	F6	120	2501
016	AF4	0	2501
016	AF8	0	2501
017	Fp1	16	1750
017	Fz	75	1750
017	F3	116	1750
017	F7	60	1750
017	FC5	12	1750
017	FC1	0	1750
017	C3	95	1750
017	TP9	7	1750
017	CP5	256	1750
017	CP1	36	1750
017	Pz	0	1750
017	P3	34	1750
017	P7	44	1750
017	O1	0	1750
017	Oz	0	1750
017	O2	24	1750
017	P4	0	1750
017	P8	167	1750
017	TP10	0	1750
017	CP6	262	1750
017	CP2	34	1750
017	C4	0	1750
017	FT10	11	1750
017	FC6	0	1750
017	FC2	0	1750
017	F4	37	1750
017	F8	70	1750
017	Fp2	126	1750
017	AF7	27	1750
017	AF3	23	1750
017	AFz	26	1750
017	F1	37	1750
017	F5	27	1750
017	FT7	0	1750
017	FC3	60	1750
017	FCz	0	1750
017	C1	51	1750
017	C5	161	1750
017	TP7	13	1750
017	CP3	138	1750
017	P1	0	1750
017	P5	199	1750
017	PO7	544	1750
017	PO3	41	1750
017	POz	42	1750
017	PO4	0	1750
017	PO8	95	1750
017	P6	0	1750
017	P2	27	1750
017	CP4	0	1750
017	TP8	0	1750
017	C6	153	1750
017	C2	0	1750
017	FC4	33	1750
017	FT8	55	1750
017	F6	0	1750
017	F2	45	1750
017	AF4	112	1750
017	AF8	217	1750
