subject	condition	eligible	boundary_retained	final_retained	postica_rejected	retained_with_repairs	mean_repaired_channels
001	ODDBALL STANDARD	159	159	69	90	69	5.9855072463768115
001	ODDBALL RARE	41	41	18	23	17	6.166666666666667
001	GAMBLING WIN	18	18	18	0	17	3.2222222222222223
001	GAMBLING LOSS	17	17	17	0	16	3.3529411764705883
001	SHOOT_BUTTON	1382	1382	1363	19	1161	2.7652237710931766
001	MISSILE_HIT_ENEMY	766	766	752	14	638	2.7101063829787235
001	COLLECT_STAR	662	662	655	7	540	2.4213740458015267
001	PLAYER_CRASH_ENEMY	150	150	147	3	134	3.380952380952381
001	PLAYER_CRASH_WALL	122	122	120	2	109	3.4166666666666665
001	COLLECT_AMMO	117	117	116	1	94	2.3620689655172415
002	ODDBALL STANDARD	162	162	154	8	145	4.746753246753247
002	ODDBALL RARE	38	38	38	0	36	4.342105263157895
002	COLLECT_STAR	329	329	327	2	259	2.4831804281345566
002	SHOOT_BUTTON	500	500	498	2	405	2.9377510040160644
002	PLAYER_CRASH_ENEMY	118	118	118	0	106	3.9915254237288136
002	COLLECT_AMMO	49	49	49	0	34	2.510204081632653
002	MISSILE_HIT_ENEMY	296	296	293	3	235	2.7713310580204777
002	PLAYER_CRASH_WALL	77	77	76	1	60	2.6973684210526314
003	ODDBALL STANDARD	159	159	122	37	95	1.8934426229508197
003	ODDBALL RARE	41	41	26	15	21	2.1538461538461537
003	COLLECT_STAR	423	423	396	27	243	1.2373737373737375
003	SHOOT_BUTTON	412	412	383	29	239	1.216710182767624
003	PLAYER_CRASH_ENEMY	113	113	97	16	73	1.7938144329896908
003	MISSILE_HIT_ENEMY	204	204	196	8	126	1.260204081632653
003	PLAYER_CRASH_WALL	175	175	156	19	111	1.5961538461538463
003	COLLECT_AMMO	45	45	41	4	33	1.5609756097560976
004	GAMBLING WIN	40	40	17	23	17	4.0
004	GAMBLING LOSS	40	40	11	29	11	4.0
004	ODDBALL STANDARD	163	163	117	46	116	3.341880341880342
004	ODDBALL RARE	37	37	28	9	28	3.75
004	SHOOT_BUTTON	835	834	263	571	263	3.9961977186311786
004	MISSILE_HIT_ENEMY	370	370	132	238	132	4.0
004	COLLECT_STAR	493	493	178	315	178	3.9831460674157304
004	PLAYER_CRASH_WALL	126	126	44	82	44	4.0
004	PLAYER_CRASH_ENEMY	109	109	26	83	26	4.0
004	COLLECT_AMMO	59	59	19	40	19	3.9473684210526314
005	ODDBALL STANDARD	161	161	151	10	80	1.814569536423841
005	ODDBALL RARE	39	39	39	0	29	2.6923076923076925
005	SHOOT_BUTTON	950	950	926	24	636	2.2667386609071274
005	MISSILE_HIT_ENEMY	429	429	424	5	269	2.172169811320755
005	COLLECT_STAR	370	370	367	3	188	1.5258855585831064
005	PLAYER_CRASH_ENEMY	84	84	77	7	60	3.5974025974025974
005	COLLECT_AMMO	77	77	77	0	44	2.012987012987013
005	PLAYER_CRASH_WALL	34	34	33	1	26	3.3636363636363638
006	ODDBALL STANDARD	159	159	128	31	128	6.453125
006	ODDBALL RARE	41	41	29	12	29	6.482758620689655
006	GAMBLING WIN	120	120	72	48	72	7.791666666666667
006	GAMBLING LOSS	120	120	79	41	79	7.443037974683544
006	SHOOT_BUTTON	589	588	472	116	471	6.266949152542373
006	MISSILE_HIT_ENEMY	212	211	176	35	176	6.096590909090909
006	PLAYER_CRASH_ENEMY	136	136	107	29	107	6.663551401869159
006	COLLECT_STAR	537	537	452	85	450	5.814159292035399
006	PLAYER_CRASH_WALL	148	148	115	33	115	6.086956521739131
006	COLLECT_AMMO	57	57	48	9	48	5.645833333333333
007	ODDBALL STANDARD	156	156	34	122	34	7.352941176470588
007	ODDBALL RARE	44	44	5	39	5	7.8
007	GAMBLING WIN	40	40	24	16	24	7.083333333333333
007	GAMBLING LOSS	40	40	24	16	23	6.041666666666667
007	SHOOT_BUTTON	405	403	194	209	190	6.108247422680412
007	MISSILE_HIT_ENEMY	283	281	130	151	127	5.992307692307692
007	COLLECT_STAR	363	363	164	199	163	5.963414634146342
007	COLLECT_AMMO	41	41	20	21	20	6.3
007	PLAYER_CRASH_ENEMY	80	80	21	59	21	7.190476190476191
007	PLAYER_CRASH_WALL	28	28	10	18	10	7.3
008	ODDBALL STANDARD	160	160	151	9	151	11.781456953642385
008	ODDBALL RARE	40	40	35	5	35	12.685714285714285
008	GAMBLING WIN	40	40	40	0	40	10.45
008	GAMBLING LOSS	40	40	38	2	38	10.447368421052632
008	SHOOT_BUTTON	1006	1006	905	101	896	8.69171270718232
008	PLAYER_CRASH_ENEMY	111	111	98	13	98	10.448979591836734
008	COLLECT_STAR	371	370	320	50	317	9.028125
008	MISSILE_HIT_ENEMY	515	515	467	48	461	8.642398286937901
008	COLLECT_AMMO	81	81	73	8	73	9.452054794520548
008	PLAYER_CRASH_WALL	52	52	42	10	42	10.238095238095237
009	ODDBALL STANDARD	160	160	140	20	140	7.321428571428571
009	ODDBALL RARE	40	40	38	2	38	7.552631578947368
009	GAMBLING WIN	40	40	39	1	39	7.615384615384615
009	GAMBLING LOSS	40	40	39	1	39	7.487179487179487
009	SHOOT_BUTTON	882	882	878	4	866	5.70615034168565
009	PLAYER_CRASH_ENEMY	124	124	122	2	120	5.360655737704918
009	MISSILE_HIT_ENEMY	516	516	513	3	505	5.590643274853801
009	COLLECT_AMMO	74	74	73	1	71	4.945205479452055
009	PLAYER_CRASH_WALL	48	48	48	0	47	6.020833333333333
009	COLLECT_STAR	520	520	520	0	500	4.7384615384615385
010	ODDBALL STANDARD	160	160	149	11	130	2.38255033557047
010	ODDBALL RARE	40	40	34	6	29	2.823529411764706
010	GAMBLING WIN	40	40	40	0	31	1.675
010	GAMBLING LOSS	40	40	40	0	30	1.925
010	SHOOT_BUTTON	464	464	450	14	345	2.04
010	MISSILE_HIT_ENEMY	263	263	254	9	181	1.7992125984251968
010	PLAYER_CRASH_WALL	132	132	130	2	94	1.9692307692307693
010	COLLECT_STAR	380	379	377	2	250	1.6392572944297081
010	COLLECT_AMMO	47	47	47	0	26	1.2340425531914894
010	PLAYER_CRASH_ENEMY	96	96	94	2	82	2.5531914893617023
011	ODDBALL STANDARD	160	160	160	0	79	1.0
011	ODDBALL RARE	40	40	40	0	25	1.9
011	GAMBLING WIN	40	40	40	0	22	1.475
011	GAMBLING LOSS	40	40	40	0	34	3.15
011	SHOOT_BUTTON	1188	1188	1188	0	826	1.8038720538720538
011	MISSILE_HIT_ENEMY	416	416	416	0	312	2.1201923076923075
011	PLAYER_CRASH_ENEMY	111	111	111	0	73	2.009009009009009
011	COLLECT_STAR	354	354	354	0	254	1.8700564971751412
011	PLAYER_CRASH_WALL	43	43	43	0	36	2.4186046511627906
011	COLLECT_AMMO	75	75	75	0	59	1.8666666666666667
012	ODDBALL STANDARD	160	160	106	54	106	6.660377358490566
012	ODDBALL RARE	40	40	20	20	20	7.15
012	GAMBLING WIN	40	40	32	8	32	6.375
012	GAMBLING LOSS	40	40	19	21	19	6.105263157894737
012	SHOOT_BUTTON	1398	1393	1185	208	1176	5.171308016877637
012	MISSILE_HIT_ENEMY	175	175	145	30	145	5.496551724137931
012	PLAYER_CRASH_ENEMY	91	91	59	32	59	6.254237288135593
012	COLLECT_STAR	319	319	264	55	262	5.363636363636363
012	PLAYER_CRASH_WALL	131	131	104	27	104	5.673076923076923
012	COLLECT_AMMO	53	53	44	9	44	5.181818181818182
013	ODDBALL STANDARD	160	160	148	12	135	4.466216216216216
013	ODDBALL RARE	40	40	39	1	38	4.82051282051282
013	GAMBLING WIN	40	40	39	1	32	3.2564102564102564
013	GAMBLING LOSS	40	40	40	0	36	4.025
013	SHOOT_BUTTON	468	468	462	6	441	4.495670995670996
013	MISSILE_HIT_ENEMY	341	341	335	6	319	4.432835820895522
013	PLAYER_CRASH_ENEMY	86	86	85	1	82	5.682352941176471
013	PLAYER_CRASH_WALL	61	61	61	0	60	4.786885245901639
013	COLLECT_STAR	382	382	375	7	345	4.042666666666666
013	COLLECT_AMMO	53	53	51	2	48	4.686274509803922
014	ODDBALL STANDARD	160	160	154	6	154	8.831168831168831
014	ODDBALL RARE	40	40	40	0	40	10.775
014	GAMBLING WIN	40	40	40	0	40	9.225
014	GAMBLING LOSS	40	40	39	1	39	10.846153846153847
014	SHOOT_BUTTON	858	858	852	6	851	7.856807511737089
014	PLAYER_CRASH_WALL	45	45	45	0	45	9.533333333333333
014	COLLECT_STAR	395	395	394	1	394	7.903553299492386
014	MISSILE_HIT_ENEMY	551	551	545	6	545	8.001834862385321
014	COLLECT_AMMO	80	80	80	0	80	7.725
014	PLAYER_CRASH_ENEMY	85	85	85	0	85	8.952941176470588
015	ODDBALL STANDARD	160	160	156	4	146	3.032051282051282
015	ODDBALL RARE	40	40	39	1	37	3.2051282051282053
015	GAMBLING WIN	40	40	36	4	34	2.638888888888889
015	GAMBLING LOSS	40	40	36	4	33	3.0277777777777777
015	SHOOT_BUTTON	687	687	676	11	673	3.341715976331361
015	MISSILE_HIT_ENEMY	456	456	447	9	444	3.3221476510067114
015	COLLECT_STAR	344	344	341	3	340	3.378299120234604
015	PLAYER_CRASH_ENEMY	67	67	64	3	64	3.78125
015	PLAYER_CRASH_WALL	60	60	58	2	58	3.4827586206896552
015	COLLECT_AMMO	65	65	65	0	65	3.3076923076923075
016	ODDBALL STANDARD	160	160	160	0	160	12.8
016	ODDBALL RARE	40	40	40	0	40	13.425
016	GAMBLING WIN	40	40	40	0	40	14.575
016	GAMBLING LOSS	40	40	40	0	40	14.575
016	PLAYER_CRASH_WALL	86	86	86	0	86	8.709302325581396
016	COLLECT_STAR	572	572	572	0	568	7.555944055944056
016	SHOOT_BUTTON	886	886	886	0	886	8.585778781038375
016	MISSILE_HIT_ENEMY	455	455	455	0	455	8.512087912087912
016	PLAYER_CRASH_ENEMY	146	146	146	0	145	9.479452054794521
016	COLLECT_AMMO	76	76	76	0	76	7.723684210526316
017	ODDBALL STANDARD	160	160	148	12	123	2.7432432432432434
017	ODDBALL RARE	40	40	31	9	28	3.774193548387097
017	GAMBLING WIN	40	40	38	2	31	3.6315789473684212
017	GAMBLING LOSS	40	40	32	8	31	3.9375
017	SHOOT_BUTTON	652	652	641	11	446	1.9079563182527302
017	MISSILE_HIT_ENEMY	247	247	243	4	178	2.074074074074074
017	COLLECT_STAR	406	406	401	5	248	1.5336658354114714
017	COLLECT_AMMO	54	54	53	1	37	2.056603773584906
017	PLAYER_CRASH_ENEMY	103	103	99	4	76	2.3535353535353534
017	PLAYER_CRASH_WALL	65	65	64	1	44	2.140625
