subject	eligible	boundary_retained	final_retained	postica_rejected	rejected_percent	retained_with_repairs	repaired_percent	median_changed_channels	max_changed_channels	selected_n_interpolate	excluded_components
001	3434	3434	3275	159	4.63016889924287	2795	85.34351145038168	2.0	8	8	29
002	1569	1569	1553	16	1.0197578075207159	1280	82.4211204121056	2.0	8	8	10
003	1572	1572	1417	155	9.860050890585237	941	66.40790402258293	1.0	4	4	13
004	2272	2271	835	1436	63.232056362835756	834	99.88023952095809	4.0	4	4	13
005	2144	2144	2094	50	2.332089552238803	1332	63.61031518624641	1.0	8	8	7
006	2119	2117	1678	439	20.736891828058578	1675	99.82121573301549	7.0	8	8	22
007	1480	1476	626	850	57.58807588075881	617	98.56230031948881	7.0	8	8	5
008	2416	2415	2169	246	10.186335403726709	2151	99.1701244813278	9.0	16	16	7
009	2444	2444	2410	34	1.3911620294599025	2365	98.13278008298755	6.0	8	8	11
010	1662	1661	1615	46	2.769416014449122	1198	74.17956656346749	2.0	4	4	7
011	2467	2467	2467	0	0.0	1720	69.7203080664775	1.0	8	8	8
012	2447	2442	1978	464	19.000819000819003	1967	99.44388270980788	6.0	8	8	5
013	1671	1671	1635	36	2.1543985637342944	1536	93.94495412844037	4.0	16	16	6
014	2294	2294	2274	20	0.8718395815169977	2273	99.95602462620933	8.0	16	16	18
015	1959	1959	1918	41	2.0929045431342552	1894	98.74869655891554	4.0	4	4	8
016	2501	2501	2501	0	0.0	2496	99.8000799680128	8.0	16	16	7
017	1807	1807	1750	57	3.1543995572772543	1242	70.97142857142858	1.0	8	8	17
