baseline_component	comparison_component	map_absolute_correlation	source_correlation_same_windows	baseline_alpha_fraction_8_12_of_1_100	baseline_fast_fraction_30_100_of_1_100	baseline_slow_fraction_1_4_of_1_100	comparison_alpha_fraction_8_12_of_1_100	comparison_fast_fraction_30_100_of_1_100	comparison_slow_fraction_1_4_of_1_100	infomax_label	picard_label	infomax_proposed_exclusion	picard_proposed_exclusion
0	0	0.9999816532809391	0.9999119974848225	0.01563594441388351	0.08471419819982927	0.7589419423442993	0.015694250459003415	0.08256159564815864	0.7613971202889495	eye blink	eye blink	True	True
1	1	0.9999758779643788	0.9999700662844343	0.04804265066816937	0.11673452138434318	0.6771816199910449	0.04817291847881885	0.1162385328668942	0.6773870516129096	eye blink	eye blink	True	True
2	2	0.9999883692323791	0.9999713081555446	0.012531618997663217	0.8359641905316657	0.020267852737779844	0.012514344996953891	0.8363346194471826	0.019875680489275547	muscle artifact	muscle artifact	True	True
3	3	0.9999846612164199	0.9999692087888862	0.015445428791941154	0.7635185389871921	0.07020752144294533	0.015519618858574507	0.7631446769257045	0.0705206582300249	muscle artifact	muscle artifact	True	True
4	4	0.9999695608349899	0.9999137057343299	0.006100494022330151	0.6755581798252518	0.015883201828224693	0.006128117657768082	0.6746183701705786	0.015859123592680126	muscle artifact	muscle artifact	True	True
5	5	0.999991221859096	0.999992650645615	0.011135447904406423	0.8165103255659426	0.025342071320379727	0.01109777428090084	0.8167071359513663	0.0252508263220315	muscle artifact	muscle artifact	True	True
6	6	0.9999820696440236	0.999830974973827	0.20200165799934947	0.10636197732785202	0.33430718998053305	0.202579826955989	0.10713408108998142	0.3334102295642724	brain	brain	False	False
7	7	0.9999538848088972	0.999932122273078	0.1259260332115126	0.3408337006658699	0.1725797445774587	0.12510152303586142	0.34363859178491635	0.17186185467112466	heart beat	heart beat	True	True
8	8	0.9999883996601645	0.9999281593594993	0.19315375302634816	0.14208168397488788	0.236626547223311	0.19288922575344103	0.14204096387571122	0.23733863431052582	brain	brain	False	False
9	9	0.9999875786559423	0.9998719921562864	0.2813147772333628	0.1485294517735619	0.22397443686055862	0.2811256536969889	0.14897951370854465	0.22388437261022592	brain	brain	False	False
10	10	0.9999955312625837	0.9999917716420895	0.01813600442869429	0.7183164202027674	0.07747219751606862	0.018126781945025032	0.7185226498769423	0.07727925885920707	muscle artifact	muscle artifact	True	True
11	11	0.9999855934515669	0.9999856921426603	0.047389797081993756	0.671020476663294	0.10783266495423709	0.04723512830584965	0.6719002062856968	0.10729231466636377	muscle artifact	muscle artifact	True	True
12	12	0.9999850157577926	0.9999864893070851	0.01151820752534058	0.7758589845718984	0.022028432802788052	0.011531987576478246	0.7759951266765788	0.021964812418568083	muscle artifact	muscle artifact	True	True
13	13	0.9999975996618594	0.9999962075986764	0.017929758018630698	0.8046315124613242	0.03980948297525707	0.017923077601201366	0.8046205174959346	0.03983055265235278	muscle artifact	muscle artifact	True	True
14	14	0.9999456422390524	0.9999574013820774	0.08327902536370496	0.4049826204981436	0.20873291416439482	0.08386730186289383	0.40312640235569447	0.20912360695184454	brain	brain	False	False
15	15	0.9999929514583007	0.9999977626891529	0.007567407332605344	0.7551740427066349	0.00806586448178093	0.0075663787892643105	0.7552998321845743	0.00807203771841064	muscle artifact	muscle artifact	True	True
16	16	0.9999955242444083	0.9999971882066085	0.009986630730190262	0.7265769405673016	0.036553924890472246	0.010009539917362026	0.7266009230864289	0.03665881029365724	muscle artifact	muscle artifact	True	True
17	17	0.9999814709295993	0.9999901189296805	0.023094628448482007	0.7657174964157168	0.03820918623856093	0.023027432324030716	0.7658708249901759	0.03822326331841829	muscle artifact	muscle artifact	True	True
18	18	0.9998896888881575	0.9998640140887215	0.13678295737632978	0.1585171007808637	0.3694339366920915	0.1372237901199929	0.15767447440265897	0.3689023850747389	brain	brain	False	False
19	19	0.999794390032318	0.9998846305872453	0.004077069085509937	0.7630583406011496	0.014000003902531208	0.004057405306846424	0.7639103366728219	0.013799845941078154	muscle artifact	muscle artifact	True	True
20	20	0.9999742209353455	0.9999930332284438	0.016682090416911825	0.7508849068800333	0.05070761294105841	0.01663975080543469	0.7510450946978539	0.050632777562693736	muscle artifact	muscle artifact	True	True
21	21	0.9999942083118635	0.9999758372617015	0.04513041846318032	0.5797458907356381	0.1473760731691432	0.04519348112965306	0.5794847667249279	0.14745021659115676	muscle artifact	muscle artifact	True	True
22	22	0.9999375414362642	0.999962065395801	0.010334430442910613	0.7410086198779772	0.03993531424166011	0.010298761515441483	0.7412068880574217	0.039984730316504104	muscle artifact	muscle artifact	True	True
23	23	0.9999917657731621	0.99999533448101	0.013629013665167193	0.7636662332777158	0.04742685797348247	0.01365304523831557	0.7637199208576179	0.047542979711071826	muscle artifact	muscle artifact	True	True
24	24	0.9999672327841126	0.9999155811116024	0.04810915400518562	0.6669951505548228	0.0882387775958999	0.048620743753922106	0.6647521674085544	0.0892173418499159	muscle artifact	muscle artifact	True	True
25	25	0.999988638336851	0.9999914242459722	0.04042995867107477	0.563819444788058	0.17849692016285568	0.040422696626431234	0.564038633502413	0.1782333706411474	muscle artifact	muscle artifact	False	False
26	26	0.999969374356219	0.9999927656544519	0.05935090165427444	0.23068357201935824	0.49228322738233854	0.05932157508147334	0.23029121449931517	0.49275071613195465	other	other	False	False
27	27	0.9997548832156218	0.9998585390715086	0.08262792755048198	0.316002830074231	0.2802047706168421	0.08201507410392567	0.3160527574300348	0.28007687362818556	brain	brain	False	False
28	28	0.9999898141234808	0.999998599736612	0.008645691042094339	0.723136352448599	0.06362418527914625	0.00865021789874937	0.7231198200878141	0.06367126168134508	muscle artifact	muscle artifact	True	True
29	29	0.9999760156259092	0.9999934883632985	0.023764532061462496	0.6758231577893771	0.07779315678002985	0.023774121571822394	0.6758169375163309	0.07779443300540817	muscle artifact	muscle artifact	True	True
30	31	0.9982447922796754	0.9999678627365998	0.014534258475024016	0.6184888470905854	0.14937934765112526	0.014493800272777432	0.6185398845946691	0.14941983973363482	eye blink	eye blink	True	True
31	30	0.9999949415266228	0.9999549322989235	0.05103585891702735	0.4520204179618628	0.24370672213760486	0.05103331307495178	0.4520184232832222	0.24373482142691863	muscle artifact	muscle artifact	False	False
32	32	0.9999903596608951	0.99999435557249	0.03743136763238809	0.6340872973718589	0.14177423890317148	0.037530494244289204	0.6336149882402812	0.14203981528176537	muscle artifact	muscle artifact	True	True
33	34	0.9998851407934987	0.9947090552868496	0.06565163170594476	0.5316036916277991	0.11923373207264894	0.06483084446851622	0.5377612140164253	0.11563975965572355	brain	brain	False	False
34	33	0.9999957060922374	0.9999986133022034	0.01183835652387677	0.7405081450687954	0.0629723963918033	0.011832105251086815	0.7405378026241519	0.0629625484391658	muscle artifact	muscle artifact	True	True
35	35	0.9999907687207251	0.9999920891066115	0.02369404245152206	0.6499979492746314	0.12279101368467213	0.023638905945750854	0.6504337616794295	0.12252775687505875	muscle artifact	muscle artifact	False	False
36	36	0.9999959459025982	0.9999979638951195	0.03561288884034556	0.5244083303986451	0.26270041532619887	0.03563277654565843	0.5242256372518278	0.26285988934348475	muscle artifact	muscle artifact	True	True
37	37	0.9999903359021965	0.9999985137529217	0.008580345921731078	0.7405287832335142	0.03704750573378931	0.008579737818804688	0.7405411771185856	0.037085797366084146	muscle artifact	muscle artifact	False	False
38	38	0.9999443020541721	0.9999191966405744	0.11870200118347535	0.1809203395700497	0.3877988451588416	0.11916907718976688	0.1801879538163518	0.38720198239325077	brain	brain	False	False
39	39	0.9998634528163456	0.9998240749554174	0.05633845118135841	0.4313974118389569	0.28626430433758565	0.05564625687092363	0.43511913086825976	0.2848153505425151	brain	brain	False	False
40	40	0.9999920747699416	0.9999838105459341	0.133365917199517	0.16284104859934484	0.3404289521895696	0.13353423836505796	0.16278781669988307	0.3402726502204418	brain	brain	False	False
41	41	0.9999570540184911	0.9999879650183624	0.08326682677777472	0.31728197771546485	0.31837717890718736	0.08312265316935859	0.3174966932387618	0.31850392811267114	brain	brain	False	False
42	42	0.9998574657195449	0.9999824856381149	0.009854625795969189	0.7750623434070979	0.035562953309236985	0.009852484786398342	0.7749081997876277	0.03561555819383895	muscle artifact	muscle artifact	True	True
43	43	0.9998603836713919	0.9999731424118092	0.08840433007244192	0.20722865035402505	0.43109472080729655	0.08842169746434904	0.20739687006812418	0.4307218430461956	other	other	False	False
44	44	0.9998028905526081	0.9999303737401524	0.05441208463254825	0.2864112484365696	0.4275323642653439	0.05464456300783144	0.2847171106541029	0.42876528642421186	other	other	False	False
45	45	0.9999917338696409	0.9999968975181087	0.07602363443597542	0.15075758067987383	0.505290638118447	0.07601829824088759	0.15069520140388698	0.5053117073523988	channel noise	channel noise	True	True
46	46	0.999921329176623	0.9997560430377759	0.08390353729836017	0.2539517356206943	0.3318694778572741	0.08375283956249782	0.25435894764541794	0.3319912884582748	brain	brain	False	False
47	47	0.9999909652264402	0.9999929999527151	0.07548291125479996	0.16267678739550595	0.4972284809966416	0.07544677805197549	0.1627125195038341	0.49726506910120233	brain	brain	False	False
48	48	0.9999447156906002	0.9999020596579052	0.07566866523683421	0.2209029125604518	0.4397020503984896	0.0755937435084459	0.22097850990187104	0.43987714096187386	brain	brain	False	False
49	49	0.9999528139586215	0.9999841443259272	0.11104260145190722	0.37940312445436764	0.22804938789395698	0.11094943183949803	0.37936584071342505	0.22814535755836252	brain	brain	False	False
50	50	0.9999261969991267	0.9999969560985129	0.018134450300476362	0.470756234931008	0.3523391114202893	0.0181488288331862	0.47065773148800594	0.35240319132257997	eye blink	eye blink	False	False
51	51	0.9999062511364292	0.9999942368845323	0.04211555209620828	0.4373764190819976	0.30955784748015686	0.04215936197180235	0.4373132403806465	0.30953216636888237	brain	brain	False	False
52	53	0.9998256925106802	0.9999931282071264	0.07563806432455246	0.23803221328318774	0.3784080326670558	0.07564349066900107	0.2380112495333201	0.37838531778080525	brain	brain	False	False
53	52	0.9999389378208183	0.999975056213353	0.0745000469826634	0.2746616590271606	0.352772367958201	0.07452797499119578	0.27457302057679245	0.3527897772592352	other	other	False	False
54	54	0.9999664597805388	0.9999983043891139	0.077612909443046	0.19651402289500397	0.44135915877053	0.0776557652668123	0.19647339937941996	0.44132184741468516	channel noise	channel noise	False	False
55	55	0.9999325275773551	0.99998741331762	0.11409152276027854	0.27656787741163597	0.31415526760722506	0.11411903304665891	0.2764877890053913	0.31420273887752387	brain	brain	False	False
56	57	0.9999568486736603	0.9999526697364399	0.06924529211176948	0.3823644413831719	0.24850161517035094	0.06929949016496911	0.38219685986412716	0.2486178686203376	brain	brain	False	False
57	56	0.8030087801838742	0.5316508198062714	0.047428253989566044	0.6533901864039408	0.04706743807521969	0.0500178740009999	0.6286250852310789	0.06437061831972297	other	brain	False	False
58	58	0.7415982495429699	0.7245830218089083	0.049551058401193115	0.640286082023855	0.05448505060971975	0.04818114072668834	0.6523423745110106	0.04534848123852699	other	other	False	False
59	59	0.5997916924059201	0.7973041788584965	0.048825070824382276	0.6570615662559166	0.04126386483215389	0.048329077929124026	0.663801361602379	0.03717720025875071	other	other	False	False
