variant	condition	available	retained	recovered_vs_native	lost_vs_native
Native AutoReject	ODDBALL STANDARD	156	34	0	0
Native AutoReject	ODDBALL RARE	44	5	0	0
Native AutoReject	GAMBLING WIN	40	24	0	0
Native AutoReject	GAMBLING LOSS	40	24	0	0
Native AutoReject	SHOOT_BUTTON	403	194	0	0
Native AutoReject	MISSILE_HIT_ENEMY	281	130	0	0
Native AutoReject	COLLECT_STAR	363	164	0	0
Native AutoReject	COLLECT_AMMO	41	20	0	0
Native AutoReject	PLAYER_CRASH_ENEMY	80	21	0	0
Native AutoReject	PLAYER_CRASH_WALL	28	10	0	0
Fixed 75 µV	ODDBALL STANDARD	156	93	65	6
Fixed 75 µV	ODDBALL RARE	44	23	18	0
Fixed 75 µV	GAMBLING WIN	40	35	12	1
Fixed 75 µV	GAMBLING LOSS	40	37	13	0
Fixed 75 µV	SHOOT_BUTTON	403	300	126	20
Fixed 75 µV	MISSILE_HIT_ENEMY	281	201	84	13
Fixed 75 µV	COLLECT_STAR	363	268	118	14
Fixed 75 µV	COLLECT_AMMO	41	26	7	1
Fixed 75 µV	PLAYER_CRASH_ENEMY	80	50	32	3
Fixed 75 µV	PLAYER_CRASH_WALL	28	18	9	1
Fixed 100 µV	ODDBALL STANDARD	156	124	91	1
Fixed 100 µV	ODDBALL RARE	44	39	34	0
Fixed 100 µV	GAMBLING WIN	40	38	14	0
Fixed 100 µV	GAMBLING LOSS	40	39	15	0
Fixed 100 µV	SHOOT_BUTTON	403	347	159	6
Fixed 100 µV	MISSILE_HIT_ENEMY	281	240	114	4
Fixed 100 µV	COLLECT_STAR	363	310	151	5
Fixed 100 µV	COLLECT_AMMO	41	32	12	0
Fixed 100 µV	PLAYER_CRASH_ENEMY	80	64	44	1
Fixed 100 µV	PLAYER_CRASH_WALL	28	24	14	0
