recording	channel	n_samples	sampled_every_n	unit	median	p01	p99	center_segment_start_s	center_segment_length_s	bandpass_0p5_15_p99_minus_p01	bandpass_corr_fp1_minus_pz	all_sampled_finite
sub-001_task-ContinuousVideoGamePlay_run-01	Fp1	415175	50	V_under_MNE_EEGLAB_assumption	-0.022502050781249998	-0.02317416552734375	-0.02173673046875	355.174	120.0	0.0001143606085827672	0.9866705634230327	True
sub-001_task-ContinuousVideoGamePlay_run-01	Pz	415175	50	V_under_MNE_EEGLAB_assumption	-0.011798413085937499	-0.0135619111328125	-0.0071313520507812495	355.174	120.0	1.3422096811799748e-05	-0.3557155747742914	True
sub-001_task-ContinuousVideoGamePlay_run-01	VEOG	415175	50	V_under_MNE_EEGLAB_assumption	2.46509	2.402445205	2.64715513	355.174	120.0	0.03301248994592415	-0.8900664926667643	True
sub-001_task-ContinuousVideoGamePlay_run-01	HEOG	415175	50	V_under_MNE_EEGLAB_assumption	-1.4671373749999999	-1.49676468875	-1.3776484825	355.174	120.0	0.00974117652690738	-0.3217968612864205	True
sub-001_task-ContinuousVideoGamePlay_run-02	Fp1	1398675	50	V_under_MNE_EEGLAB_assumption	-0.0189519287109375	-0.021802933593749997	-0.0145924541015625	1338.674	120.0	9.096816806038875e-05	0.9849392904103051	True
sub-001_task-ContinuousVideoGamePlay_run-02	Pz	1398675	50	V_under_MNE_EEGLAB_assumption	-0.0132658203125	-0.013778906249999999	-0.012946435546875	1338.674	120.0	1.1972155154784303e-05	-0.34055755083466815	True
sub-001_task-ContinuousVideoGamePlay_run-02	VEOG	1398675	50	V_under_MNE_EEGLAB_assumption	2.491244375	2.3777975375	2.631697735	1338.674	120.0	0.0259007660235682	-0.9195769381117574	True
sub-001_task-ContinuousVideoGamePlay_run-02	HEOG	1398675	50	V_under_MNE_EEGLAB_assumption	-1.5154348125	-1.564821475	-1.44384482875	1338.674	120.0	0.01455031537095474	0.005038021899767575	True
sub-002_task-ContinuousVideoGamePlay_run-01	Fp1	401200	50	V_under_MNE_EEGLAB_assumption	-0.026445751953125	-0.02760017724609375	-0.02537104345703125	341.2	120.0	0.00039421292523099546	0.9972204256986349	True
sub-002_task-ContinuousVideoGamePlay_run-01	Pz	401200	50	V_under_MNE_EEGLAB_assumption	-0.0011087890625	-0.0011577075195312498	-0.00092481591796875	341.2	120.0	2.553427925139458e-05	-0.39823003008018965	True
sub-002_task-ContinuousVideoGamePlay_run-01	VEOG	401200	50	V_under_MNE_EEGLAB_assumption	0.23461684375	0.11096595765624999	0.36478221281249995	341.2	120.0	0.08999871941026036	-0.961837217992085	True
sub-002_task-ContinuousVideoGamePlay_run-01	HEOG	401200	50	V_under_MNE_EEGLAB_assumption	-0.35645618749999997	-0.529190494375	-0.054222759062500056	341.2	120.0	0.035433600289441786	-0.036856131521393866	True
sub-002_task-ContinuousVideoGamePlay_run-02	Fp1	1004675	50	V_under_MNE_EEGLAB_assumption	-0.02173037109375	-0.02414990283203125	-0.0198734033203125	944.674	120.0	0.00022734831810333604	0.993561041413932	True
sub-002_task-ContinuousVideoGamePlay_run-02	Pz	1004675	50	V_under_MNE_EEGLAB_assumption	-0.000886083984375	-0.001161572265625	-0.00037605712890625005	944.674	120.0	2.1046943620592625e-05	-0.2648339043411623	True
sub-002_task-ContinuousVideoGamePlay_run-02	VEOG	1004675	50	V_under_MNE_EEGLAB_assumption	0.327610078125	0.25342801015625	0.4660604499999999	944.674	120.0	0.05398659828955666	-0.9288907379600195	True
sub-002_task-ContinuousVideoGamePlay_run-02	HEOG	1004675	50	V_under_MNE_EEGLAB_assumption	-0.6321431875	-0.715413569375	-0.46793414625	944.674	120.0	0.06728502278897235	0.019166901374630178	True
sub-003_task-ContinuousVideoGamePlay_run-01	Fp1	272150	50	V_under_MNE_EEGLAB_assumption	-0.011286035156249999	-0.012893333984375	-0.0103314423828125	212.15	120.0	0.000257014168961861	0.9967129489494496	True
sub-003_task-ContinuousVideoGamePlay_run-01	Pz	272150	50	V_under_MNE_EEGLAB_assumption	0.010699658203125	0.010408927734375	0.01077549609375	212.15	120.0	2.1270416584264275e-05	-0.5503599385150003	True
sub-003_task-ContinuousVideoGamePlay_run-01	VEOG	272150	50	V_under_MNE_EEGLAB_assumption	2.9898599999999997	2.98874613	2.99058704	212.15	120.0	0.0001375022142391664	0.04473092828321915	True
sub-003_task-ContinuousVideoGamePlay_run-01	HEOG	272150	50	V_under_MNE_EEGLAB_assumption	-0.6908783125	-0.7602303174999999	-0.61315440625	212.15	120.0	0.02009462319856746	0.5947573619538612	True
sub-003_task-ContinuousVideoGamePlay_run-02	Fp1	978525	50	V_under_MNE_EEGLAB_assumption	-0.00775126953125	-0.0095561767578125	-0.0063789453125	918.524	120.0	0.00019401999327770675	0.9949466547546255	True
sub-003_task-ContinuousVideoGamePlay_run-02	Pz	978525	50	V_under_MNE_EEGLAB_assumption	0.010181787109375	0.0098563525390625	0.01053376953125	918.524	120.0	1.5499179432232004e-05	-0.4344771193038226	True
sub-003_task-ContinuousVideoGamePlay_run-02	VEOG	978525	50	V_under_MNE_EEGLAB_assumption	2.99237925	2.991360425	2.9930318249999996	918.524	120.0	0.00013923376419574585	0.025283292408881223	True
sub-003_task-ContinuousVideoGamePlay_run-02	HEOG	978525	50	V_under_MNE_EEGLAB_assumption	-0.6906401875	-0.75561808125	-0.6304872375	918.524	120.0	0.05364984142129314	0.24726895230810375	True
sub-004_task-ContinuousVideoGamePlay_run-01	Fp1	370300	50	V_under_MNE_EEGLAB_assumption	-0.0161888427734375	-0.021502675781249998	-0.013939665527343749	310.3	120.0	0.0002022945854360215	0.9958890852202888	True
sub-004_task-ContinuousVideoGamePlay_run-01	Pz	370300	50	V_under_MNE_EEGLAB_assumption	0.011808837890625	0.009448403320312498	0.0136301171875	310.3	120.0	1.2828909279322518e-05	-0.30042405459182214	True
sub-004_task-ContinuousVideoGamePlay_run-01	VEOG	370300	50	V_under_MNE_EEGLAB_assumption	0.012344419921874999	0.011782646484375	0.012631401123046873	310.3	120.0	0.0004908981786764839	0.03365666125210954	True
sub-004_task-ContinuousVideoGamePlay_run-01	HEOG	370300	50	V_under_MNE_EEGLAB_assumption	-0.3883734375	-2.4226589875	2.9967523624999997	310.3	120.0	1.079104359313717	0.09119755664686031	True
sub-004_task-ContinuousVideoGamePlay_run-02	Fp1	967800	50	V_under_MNE_EEGLAB_assumption	-0.0060414306640625	-0.01126935791015625	-0.00454969482421875	907.8	120.0	0.00029983471871881256	0.9979812936296253	True
sub-004_task-ContinuousVideoGamePlay_run-02	Pz	967800	50	V_under_MNE_EEGLAB_assumption	0.0171541259765625	0.014154428710937498	0.018151455078125	907.8	120.0	1.5334702588885456e-05	-0.4007303413958732	True
sub-004_task-ContinuousVideoGamePlay_run-02	VEOG	967800	50	V_under_MNE_EEGLAB_assumption	0.0126025078125	0.011955961669921874	0.013007357666015624	907.8	120.0	0.00044884657137534486	-0.0071598157148852455	True
sub-004_task-ContinuousVideoGamePlay_run-02	HEOG	967800	50	V_under_MNE_EEGLAB_assumption	-0.98410009375	-1.20646396875	1.4617485687500364	907.8	120.0	0.05499338188836586	0.6781042620891861	True
sub-005_task-ContinuousVideoGamePlay_run-01	Fp1	409275	50	V_under_MNE_EEGLAB_assumption	-0.033172654296875	-0.03369141328125	-0.023213281250000082	349.274	120.0	0.0002706749296878094	0.9990500179643863	True
sub-005_task-ContinuousVideoGamePlay_run-01	Pz	409275	50	V_under_MNE_EEGLAB_assumption	-0.0006739990234375	-0.0019547998046875	7.212646484374998e-05	349.274	120.0	1.1184862246482555e-05	-0.5447001541893577	True
sub-005_task-ContinuousVideoGamePlay_run-01	VEOG	409275	50	V_under_MNE_EEGLAB_assumption	-1.1611661875000001	-1.6558877625	-0.7709460312500004	349.274	120.0	0.06157585947206781	-0.9288401644096984	True
sub-005_task-ContinuousVideoGamePlay_run-01	HEOG	409275	50	V_under_MNE_EEGLAB_assumption	-0.1791048046875	-0.27931961875	-0.034679606835937536	349.274	120.0	0.04441034838891753	0.3561395073687124	True
sub-005_task-ContinuousVideoGamePlay_run-02	Fp1	1004200	50	V_under_MNE_EEGLAB_assumption	-0.0308972412109375	-0.03125669775390625	-0.028214771484375	944.2	120.0	0.0001929215380161697	0.9971056774479715	True
sub-005_task-ContinuousVideoGamePlay_run-02	Pz	1004200	50	V_under_MNE_EEGLAB_assumption	0.0013345214843750001	0.00011433886718749999	0.0023916430664062496	944.2	120.0	1.1080576902764642e-05	-0.37224882615903226	True
sub-005_task-ContinuousVideoGamePlay_run-02	VEOG	1004200	50	V_under_MNE_EEGLAB_assumption	-1.6031303749999999	-1.70230591125	-1.3944856525000002	944.2	120.0	0.050558141932298836	-0.8528481524207097	True
sub-005_task-ContinuousVideoGamePlay_run-02	HEOG	1004200	50	V_under_MNE_EEGLAB_assumption	-0.285081265625	-0.3551043196875	-0.18362843703125004	944.2	120.0	0.0536742162322494	0.2182932172502081	True
sub-006_task-ContinuousVideoGamePlay_run-01	Fp1	577400	50	V_under_MNE_EEGLAB_assumption	-0.032915111328124996	-0.0333398226953125	-0.03142536181640625	517.4	120.0	6.578265891960195e-05	0.9827284867406332	True
sub-006_task-ContinuousVideoGamePlay_run-01	Pz	577400	50	V_under_MNE_EEGLAB_assumption	0.0028052490234375	0.0023312958984375	0.00304839453125	517.4	120.0	1.502424833812871e-05	-0.44222574579698753	True
sub-006_task-ContinuousVideoGamePlay_run-01	VEOG	577400	50	V_under_MNE_EEGLAB_assumption	0.012441874023437499	0.011805066494140625	0.012856125976562499	517.4	120.0	0.0004901512943966772	0.014350417832852248	True
sub-006_task-ContinuousVideoGamePlay_run-01	HEOG	577400	50	V_under_MNE_EEGLAB_assumption	-0.17318665625000002	-0.27775097718749997	-0.1090926546875	517.4	120.0	0.04687926260482775	0.19933670863737746	True
sub-006_task-ContinuousVideoGamePlay_run-02	Fp1	1024500	50	V_under_MNE_EEGLAB_assumption	-0.0276974853515625	-0.0311100693359375	-0.022627772460937497	964.5	120.0	7.054648384045183e-05	0.97227000714975	True
sub-006_task-ContinuousVideoGamePlay_run-02	Pz	1024500	50	V_under_MNE_EEGLAB_assumption	0.003054150390625	0.0029493544921875	0.00335400390625	964.5	120.0	1.5428728976823386e-05	-0.2811114566725175	True
sub-006_task-ContinuousVideoGamePlay_run-02	VEOG	1024500	50	V_under_MNE_EEGLAB_assumption	0.0125452880859375	0.01197245443359375	0.012918445849609373	964.5	120.0	0.0004450327309878766	0.025686573369711956	True
sub-006_task-ContinuousVideoGamePlay_run-02	HEOG	1024500	50	V_under_MNE_EEGLAB_assumption	-0.12904078125	-0.17280026640624999	-0.08122905374999997	964.5	120.0	0.04856489220342784	0.3150053458206649	True
sub-007_task-ContinuousVideoGamePlay_run-01	Fp1	435225	50	V_under_MNE_EEGLAB_assumption	-0.04257729296875	-0.04408490046875	-0.03872510546875	375.224	120.0	0.00021907938748681171	0.9958758867436047	True
sub-007_task-ContinuousVideoGamePlay_run-01	Pz	435225	50	V_under_MNE_EEGLAB_assumption	-0.00026757812499999997	-0.00029775390625	-0.00019692773437500008	375.224	120.0	1.8519036664444233e-05	-0.42705832445633257	True
sub-007_task-ContinuousVideoGamePlay_run-01	VEOG	435225	50	V_under_MNE_EEGLAB_assumption	0.5676043125	0.191741008125	0.6654174174999992	375.224	120.0	0.050272036445988794	-0.8854510591126116	True
sub-007_task-ContinuousVideoGamePlay_run-01	HEOG	435225	50	V_under_MNE_EEGLAB_assumption	0.16543149999999998	-1.316623425	1.0988139749999986	375.224	120.0	0.5833058244402798	-0.006710956347413768	True
sub-007_task-ContinuousVideoGamePlay_run-02	Fp1	937200	50	V_under_MNE_EEGLAB_assumption	-0.03092763671875	-0.038056512695312496	-0.026809912109375	877.2	120.0	0.00012242321184285167	0.9905215026707126	True
sub-007_task-ContinuousVideoGamePlay_run-02	Pz	937200	50	V_under_MNE_EEGLAB_assumption	-0.00037338867187499997	-0.0005628486328125	-0.00026383935546875	877.2	120.0	1.4823398641896962e-05	-0.39181807299395394	True
sub-007_task-ContinuousVideoGamePlay_run-02	VEOG	937200	50	V_under_MNE_EEGLAB_assumption	0.59304190625	0.464378140625	0.7954360143749999	877.2	120.0	0.02681909608808804	-0.8313398361847896	True
sub-007_task-ContinuousVideoGamePlay_run-02	HEOG	937200	50	V_under_MNE_EEGLAB_assumption	0.262933375	-1.1668396424999998	1.0046814056249997	877.2	120.0	0.08770541357403872	0.14585719589152596	True
sub-008_task-ContinuousVideoGamePlay_run-01	Fp1	443150	50	V_under_MNE_EEGLAB_assumption	-0.03456684375	-0.037010956796875	-0.0319285263671875	383.15	120.0	0.00023922449617045928	0.9978312492685856	True
sub-008_task-ContinuousVideoGamePlay_run-01	Pz	443150	50	V_under_MNE_EEGLAB_assumption	-0.012829248046875	-0.0144676455078125	-0.012432177734375	383.15	120.0	1.605664937138654e-05	-0.3894735820762609	True
sub-008_task-ContinuousVideoGamePlay_run-01	VEOG	443150	50	V_under_MNE_EEGLAB_assumption	1.23280675	1.1552558874999999	1.2922853374999999	383.15	120.0	0.06349259682604697	-0.8588438648071635	True
sub-008_task-ContinuousVideoGamePlay_run-01	HEOG	443150	50	V_under_MNE_EEGLAB_assumption	1.1218193749999998	0.9421301774999999	1.3703420224999994	383.15	120.0	0.08742173268659137	-0.007496932517376323	True
sub-008_task-ContinuousVideoGamePlay_run-02	Fp1	929575	50	V_under_MNE_EEGLAB_assumption	-0.0298771484375	-0.03176719140625	-0.026950870605468746	869.574	120.0	0.00018728365611420333	0.9944614149195793	True
sub-008_task-ContinuousVideoGamePlay_run-02	Pz	929575	50	V_under_MNE_EEGLAB_assumption	-0.012484326171874999	-0.01264399853515625	-0.01235056396484375	869.574	120.0	1.5470786986153822e-05	-0.2899300140452778	True
sub-008_task-ContinuousVideoGamePlay_run-02	VEOG	929575	50	V_under_MNE_EEGLAB_assumption	1.4037323124999999	1.1170221762499999	1.8512222412500001	869.574	120.0	0.04763746922830075	-0.8616734225167485	True
sub-008_task-ContinuousVideoGamePlay_run-02	HEOG	929575	50	V_under_MNE_EEGLAB_assumption	0.7764268125	0.652334095	0.9504141949999999	869.574	120.0	0.0340642662472335	-0.007294157046296766	True
sub-009_task-ContinuousVideoGamePlay_run-01	Fp1	408175	50	V_under_MNE_EEGLAB_assumption	-0.012632177734375	-0.01597103125	-0.011246804687499999	348.174	120.0	0.000239897521754121	0.9966772271448823	True
sub-009_task-ContinuousVideoGamePlay_run-01	Pz	408175	50	V_under_MNE_EEGLAB_assumption	-0.0025251953125	-0.004962205078125	-0.0010983037109375	348.174	120.0	1.9730394454067977e-05	-0.3902781600290782	True
sub-009_task-ContinuousVideoGamePlay_run-01	VEOG	408175	50	V_under_MNE_EEGLAB_assumption	0.6789855625	0.54871647375	0.79028528125	348.174	120.0	0.1343124436906111	-0.46868984916958456	True
sub-009_task-ContinuousVideoGamePlay_run-01	HEOG	408175	50	V_under_MNE_EEGLAB_assumption	0.0013756751708984374	0.0010991096191406249	0.001622989818115234	348.174	120.0	0.0001659494235256166	-0.014247720506410936	True
sub-009_task-ContinuousVideoGamePlay_run-02	Fp1	1009100	50	V_under_MNE_EEGLAB_assumption	-0.010240917968749999	-0.01122236279296875	-0.009138106933593751	949.1	120.0	8.458431567038855e-05	0.9873652748176907	True
sub-009_task-ContinuousVideoGamePlay_run-02	Pz	1009100	50	V_under_MNE_EEGLAB_assumption	0.0008155029296875	-0.0009732700195312499	0.001527490234375	949.1	120.0	1.2249657744752687e-05	-0.35073872057140637	True
sub-009_task-ContinuousVideoGamePlay_run-02	VEOG	1009100	50	V_under_MNE_EEGLAB_assumption	0.7601584375	0.6995009575	0.8349066875	949.1	120.0	0.028725223306814297	-0.7408069791976983	True
sub-009_task-ContinuousVideoGamePlay_run-02	HEOG	1009100	50	V_under_MNE_EEGLAB_assumption	0.0010094046630859375	0.0007867246844482422	0.0012851894250488272	949.1	120.0	0.00015893137923555996	-0.021158612237781503	True
sub-010_task-ContinuousVideoGamePlay_run-01	Fp1	368875	50	V_under_MNE_EEGLAB_assumption	-0.03177402343749999	-0.03206501904296875	-0.029976571289062507	308.874	120.0	0.00024046427212353672	0.9971131985492517	True
sub-010_task-ContinuousVideoGamePlay_run-01	Pz	368875	50	V_under_MNE_EEGLAB_assumption	0.00064423828125	0.00041512939453125	0.0010722880859374998	308.874	120.0	1.4157836565294424e-05	-0.3912247081975692	True
sub-010_task-ContinuousVideoGamePlay_run-01	VEOG	368875	50	V_under_MNE_EEGLAB_assumption	0.5616851249999999	0.24978675328125	1.017008414375	308.874	120.0	0.045082244249638866	-0.8588771728578412	True
sub-010_task-ContinuousVideoGamePlay_run-01	HEOG	368875	50	V_under_MNE_EEGLAB_assumption	-0.23055613281249998	-0.2979709675	-0.16022631015625005	308.874	120.0	0.006006417568755583	0.2100309122530922	True
sub-010_task-ContinuousVideoGamePlay_run-02	Fp1	949175	50	V_under_MNE_EEGLAB_assumption	-0.0279915771484375	-0.030694556152343747	-0.0248643701171875	889.174	120.0	9.062024430591469e-05	0.9930475409231002	True
sub-010_task-ContinuousVideoGamePlay_run-02	Pz	949175	50	V_under_MNE_EEGLAB_assumption	0.00021350097656249999	0.00010458984375	0.0003571860351562499	889.174	120.0	1.0973814620285837e-05	-0.34561502352699375	True
sub-010_task-ContinuousVideoGamePlay_run-02	VEOG	949175	50	V_under_MNE_EEGLAB_assumption	0.45523032812499997	0.31233625906249995	0.6435694143749999	889.174	120.0	0.02495712223456184	-0.5657895378949063	True
sub-010_task-ContinuousVideoGamePlay_run-02	HEOG	949175	50	V_under_MNE_EEGLAB_assumption	-0.24286881249999998	-0.29056975875	-0.16599584875000026	889.174	120.0	0.051113753540046394	-0.06731749917815227	True
sub-011_task-ContinuousVideoGamePlay_run-01	Fp1	346600	50	V_under_MNE_EEGLAB_assumption	-0.0315906494140625	-0.0318467470703125	-0.03073892578125	286.6	120.0	0.0001835417862391781	0.9973917856175765	True
sub-011_task-ContinuousVideoGamePlay_run-01	Pz	346600	50	V_under_MNE_EEGLAB_assumption	-0.0033885986328125	-0.0036554604492187496	-0.00324530908203125	286.6	120.0	1.0398000220971263e-05	-0.2635815700108272	True
sub-011_task-ContinuousVideoGamePlay_run-01	VEOG	346600	50	V_under_MNE_EEGLAB_assumption	0.4021379375	0.308909700625	0.5184924040625	286.6	120.0	0.04661733731097923	-0.9505178302597367	True
sub-011_task-ContinuousVideoGamePlay_run-01	HEOG	346600	50	V_under_MNE_EEGLAB_assumption	0.0016379356689453124	0.0014371603649902343	0.0018696129479980467	286.6	120.0	0.00016727312409105038	-0.04312279406320766	True
sub-011_task-ContinuousVideoGamePlay_run-02	Fp1	977375	50	V_under_MNE_EEGLAB_assumption	-0.0291924560546875	-0.03121887646484375	-0.026549020507812496	917.374	120.0	0.00012444950117899224	0.994514289483288	True
sub-011_task-ContinuousVideoGamePlay_run-02	Pz	977375	50	V_under_MNE_EEGLAB_assumption	-0.0047315429687499995	-0.005130885253906249	-0.00369284521484375	917.374	120.0	1.0553222651979572e-05	-0.2472031787981854	True
sub-011_task-ContinuousVideoGamePlay_run-02	VEOG	977375	50	V_under_MNE_EEGLAB_assumption	0.49416795312499995	0.410512308125	0.608059676875	917.374	120.0	0.03647735245601793	-0.8703986580505693	True
sub-011_task-ContinuousVideoGamePlay_run-02	HEOG	977375	50	V_under_MNE_EEGLAB_assumption	0.0011482834472656249	0.0009539723510742187	0.0015612035803222652	917.374	120.0	0.0001643559341038927	0.060001222314822314	True
sub-012_task-ContinuousVideoGamePlay_run-01	Fp1	372275	50	V_under_MNE_EEGLAB_assumption	-0.036627294921875	-0.036903878515625	-0.035338761328124996	312.274	120.0	0.00014369243936305877	0.9961723856688147	True
sub-012_task-ContinuousVideoGamePlay_run-01	Pz	372275	50	V_under_MNE_EEGLAB_assumption	0.0057531738281249994	0.00551794189453125	0.00609580078125	312.274	120.0	1.3261074385795142e-05	-0.5468709783653962	True
sub-012_task-ContinuousVideoGamePlay_run-01	VEOG	372275	50	V_under_MNE_EEGLAB_assumption	-0.34194826562499997	-0.496868890625	-0.2662235375	312.274	120.0	0.040210507493551276	-0.8872900589136317	True
sub-012_task-ContinuousVideoGamePlay_run-01	HEOG	372275	50	V_under_MNE_EEGLAB_assumption	0.80413221875	0.7190966125	0.851109071875	312.274	120.0	0.010925173718562383	-0.3455491171210201	True
sub-012_task-ContinuousVideoGamePlay_run-02	Fp1	758400	50	V_under_MNE_EEGLAB_assumption	-0.03572453515625	-0.03672638265625	-0.0314066923828125	698.4	120.0	0.00017381792546022762	0.9970041932384434	True
sub-012_task-ContinuousVideoGamePlay_run-02	Pz	758400	50	V_under_MNE_EEGLAB_assumption	0.0053861328125	0.0052478515625	0.00563922509765625	698.4	120.0	1.2455192500021056e-05	-0.2953896692142474	True
sub-012_task-ContinuousVideoGamePlay_run-02	VEOG	758400	50	V_under_MNE_EEGLAB_assumption	-0.08874744140624999	-0.28775324281250003	0.03582977703124999	698.4	120.0	0.0434886391820115	-0.7618214990547761	True
sub-012_task-ContinuousVideoGamePlay_run-02	HEOG	758400	50	V_under_MNE_EEGLAB_assumption	0.70906503125	0.6045457331249999	0.845081175625	698.4	120.0	0.03984973784682286	0.12408895468486436	True
sub-013_task-ContinuousVideoGamePlay_run-01	Fp1	307925	50	V_under_MNE_EEGLAB_assumption	-0.00561123046875	-0.006694514648437499	-0.004532904296875	247.924	120.0	0.00016944807925896202	0.9955038816022659	True
sub-013_task-ContinuousVideoGamePlay_run-01	Pz	307925	50	V_under_MNE_EEGLAB_assumption	0.0027911621093749998	0.0026336093749999997	0.0030503408203125	247.924	120.0	1.3169090421807908e-05	-0.29961891509353916	True
sub-013_task-ContinuousVideoGamePlay_run-01	VEOG	307925	50	V_under_MNE_EEGLAB_assumption	0.5268824375	0.439615560625	0.6752229475	247.924	120.0	0.0664509928078722	-0.7263446969918234	True
sub-013_task-ContinuousVideoGamePlay_run-01	HEOG	307925	50	V_under_MNE_EEGLAB_assumption	-0.7205173125	-0.83597852125	-0.554637285	247.924	120.0	0.036521531075760824	0.20200494616736886	True
sub-013_task-ContinuousVideoGamePlay_run-02	Fp1	930350	50	V_under_MNE_EEGLAB_assumption	-0.002679638671875	-0.0044395185546875	-0.0013950341796875002	870.35	120.0	0.0001477040669530298	0.9948119435758451	True
sub-013_task-ContinuousVideoGamePlay_run-02	Pz	930350	50	V_under_MNE_EEGLAB_assumption	0.00245166015625	0.002320263671875	0.0026913427734374996	870.35	120.0	1.2705180215979109e-05	-0.32749686574810133	True
sub-013_task-ContinuousVideoGamePlay_run-02	VEOG	930350	50	V_under_MNE_EEGLAB_assumption	0.5836868125	0.493600438125	0.7187832087499999	870.35	120.0	0.04633448345273511	-0.8468748523706782	True
sub-013_task-ContinuousVideoGamePlay_run-02	HEOG	930350	50	V_under_MNE_EEGLAB_assumption	-0.7973760624999999	-0.8937673237499999	-0.6790252325000005	870.35	120.0	0.05727162131004772	0.24996288340279396	True
sub-014_task-ContinuousVideoGamePlay_run-01	Fp1	333550	50	V_under_MNE_EEGLAB_assumption	-0.0149748046875	-0.015480146484374999	-0.013604658203124998	273.55	120.0	0.00020480190770481057	0.9985774492949764	True
sub-014_task-ContinuousVideoGamePlay_run-01	Pz	333550	50	V_under_MNE_EEGLAB_assumption	0.0055025390625	0.005331918945312499	0.007418286132812499	273.55	120.0	1.3271624865586598e-05	-0.606393998156392	True
sub-014_task-ContinuousVideoGamePlay_run-01	VEOG	333550	50	V_under_MNE_EEGLAB_assumption	1.0108071875	0.9068555625	1.05379465	273.55	120.0	0.050976483412437386	-0.538816082182887	True
sub-014_task-ContinuousVideoGamePlay_run-01	HEOG	333550	50	V_under_MNE_EEGLAB_assumption	0.6281181874999999	0.07749089921874999	0.7270881749999999	273.55	120.0	0.06934818619124926	-0.8285519209765492	True
sub-014_task-ContinuousVideoGamePlay_run-02	Fp1	1021850	50	V_under_MNE_EEGLAB_assumption	-0.012397216796874999	-0.013747833984375	-0.010944482421874999	961.85	120.0	0.000174420687304354	0.9952537183463191	True
sub-014_task-ContinuousVideoGamePlay_run-02	Pz	1021850	50	V_under_MNE_EEGLAB_assumption	0.00689296875	0.00543806640625	0.008024751953125	961.85	120.0	1.323961817917159e-05	-0.4060024037411646	True
sub-014_task-ContinuousVideoGamePlay_run-02	VEOG	1021850	50	V_under_MNE_EEGLAB_assumption	1.002484875	0.9231246375	1.073928155	961.85	120.0	0.0411336060456861	-0.16538867532442417	True
sub-014_task-ContinuousVideoGamePlay_run-02	HEOG	1021850	50	V_under_MNE_EEGLAB_assumption	0.5759549374999999	0.46927466375	0.6496528199999999	961.85	120.0	0.04669614140591268	-0.869671339859327	True
sub-015_task-ContinuousVideoGamePlay_run-01	Fp1	365000	50	V_under_MNE_EEGLAB_assumption	-0.0003342529296875	-0.002145220703125	0.0007375541992187501	305.0	120.0	0.00019225307610186413	0.9877217970896108	True
sub-015_task-ContinuousVideoGamePlay_run-01	Pz	365000	50	V_under_MNE_EEGLAB_assumption	-0.0059326904296875	-0.0064393564453125	-0.00534140576171875	305.0	120.0	2.098048071226377e-05	-0.343442979230325	True
sub-015_task-ContinuousVideoGamePlay_run-01	VEOG	365000	50	V_under_MNE_EEGLAB_assumption	-0.11805668359374999	-0.20563064375	-0.04286696441406243	305.0	120.0	0.056505170483251405	-0.9108299553192019	True
sub-015_task-ContinuousVideoGamePlay_run-01	HEOG	365000	50	V_under_MNE_EEGLAB_assumption	-0.1526942890625	-0.23037417265625001	-0.10123980554687499	305.0	120.0	0.0042706465561066975	-0.40078153778426023	True
sub-015_task-ContinuousVideoGamePlay_run-02	Fp1	980550	50	V_under_MNE_EEGLAB_assumption	0.002638623046875	0.0008837402343749999	0.0034882275390625	920.55	120.0	7.200232387920012e-05	0.9756133944507155	True
sub-015_task-ContinuousVideoGamePlay_run-02	Pz	980550	50	V_under_MNE_EEGLAB_assumption	-0.00573798828125	-0.00660146484375	-0.005006113281249999	920.55	120.0	1.8126436856254217e-05	-0.37200482038694926	True
sub-015_task-ContinuousVideoGamePlay_run-02	VEOG	980550	50	V_under_MNE_EEGLAB_assumption	-0.116107765625	-0.1772049046875	-0.045738696874999984	920.55	120.0	0.030749349945779325	-0.6109771197464161	True
sub-015_task-ContinuousVideoGamePlay_run-02	HEOG	980550	50	V_under_MNE_EEGLAB_assumption	-0.18521696875	-0.2363386171875	-0.11165034609374994	920.55	120.0	0.03409202248148511	0.08973802032180243	True
sub-016_task-ContinuousVideoGamePlay_run-01	Fp1	403750	50	V_under_MNE_EEGLAB_assumption	-0.00963525390625	-0.010981482421875	-0.007828261718749998	343.75	120.0	0.00013720218716911138	0.9717230133334692	True
sub-016_task-ContinuousVideoGamePlay_run-01	Pz	403750	50	V_under_MNE_EEGLAB_assumption	-0.007619238281249999	-0.0079070439453125	-0.006048278320312499	343.75	120.0	3.1622600606133204e-05	-0.30555677126550745	True
sub-016_task-ContinuousVideoGamePlay_run-01	VEOG	403750	50	V_under_MNE_EEGLAB_assumption	-0.5442649374999999	-0.6543725162499999	-0.44936051562499996	343.75	120.0	0.031588195978313076	-0.9122181526489341	True
sub-016_task-ContinuousVideoGamePlay_run-01	HEOG	403750	50	V_under_MNE_EEGLAB_assumption	0.145290203125	0.03549102359375	0.2323665984375	343.75	120.0	0.012275202326509312	0.1258178452539895	True
sub-016_task-ContinuousVideoGamePlay_run-02	Fp1	973725	50	V_under_MNE_EEGLAB_assumption	-0.00457177734375	-0.007712469726562499	-0.002364134765625	913.724	120.0	0.0002085508011661253	0.9934365934527736	True
sub-016_task-ContinuousVideoGamePlay_run-02	Pz	973725	50	V_under_MNE_EEGLAB_assumption	-0.004983984375	-0.0074351201171875	-0.0033422578125000004	913.724	120.0	1.7546918653628107e-05	-0.2762942211677144	True
sub-016_task-ContinuousVideoGamePlay_run-02	VEOG	973725	50	V_under_MNE_EEGLAB_assumption	-0.35812615625	-0.49974928375	-0.24143450281250006	913.724	120.0	0.04727437646914699	-0.9311845877971354	True
sub-016_task-ContinuousVideoGamePlay_run-02	HEOG	973725	50	V_under_MNE_EEGLAB_assumption	0.08890509375	0.043285827578125	0.14290175093749993	913.724	120.0	0.026552379223888027	0.11445415268011912	True
sub-017_task-ContinuousVideoGamePlay_run-01	Fp1	381075	50	V_under_MNE_EEGLAB_assumption	-0.0276981201171875	-0.027992390625	-0.0271054326171875	321.074	120.0	0.0002864099000734087	0.9972426029118292	True
sub-017_task-ContinuousVideoGamePlay_run-01	Pz	381075	50	V_under_MNE_EEGLAB_assumption	-0.0079473388671875	-0.0081015625	-0.007507763671875	321.074	120.0	1.5237513206567973e-05	-0.32517405413047873	True
sub-017_task-ContinuousVideoGamePlay_run-01	VEOG	381075	50	V_under_MNE_EEGLAB_assumption	0.8110344375	0.7054392775	0.953086460625	321.074	120.0	0.06576050692092188	-0.9526278712656477	True
sub-017_task-ContinuousVideoGamePlay_run-01	HEOG	381075	50	V_under_MNE_EEGLAB_assumption	0.5946879062499999	0.4669000321875	0.732494215625	321.074	120.0	0.006684341455508313	-0.23851858518976546	True
sub-017_task-ContinuousVideoGamePlay_run-02	Fp1	954500	50	V_under_MNE_EEGLAB_assumption	-0.0253047119140625	-0.027321408203125	-0.0233669326171875	894.5	120.0	0.0001229308253182096	0.9937740616476932	True
sub-017_task-ContinuousVideoGamePlay_run-02	Pz	954500	50	V_under_MNE_EEGLAB_assumption	-0.0071544921875	-0.00765522998046875	-0.00689404296875	894.5	120.0	1.3216988834823912e-05	-0.2814585049678696	True
sub-017_task-ContinuousVideoGamePlay_run-02	VEOG	954500	50	V_under_MNE_EEGLAB_assumption	0.5955407187499999	0.52681699375	0.7340526500000001	894.5	120.0	0.04204341058691212	-0.8295084319434998	True
sub-017_task-ContinuousVideoGamePlay_run-02	HEOG	954500	50	V_under_MNE_EEGLAB_assumption	0.56440459375	0.4907664409375	0.632041460625	894.5	120.0	0.0929031391027193	0.06129127222015037	True
