subject	component	label	max_probability	proposed	current_status_bad	brain	muscle artifact	eye blink	heart beat	line noise	channel noise	other
001	0	eye blink	0.998	True	True	0.0	0.0	0.998	0.0	0.0	0.0	0.001
001	1	eye blink	0.999	True	True	0.0	0.0	0.999	0.0	0.0	0.0	0.0
001	2	muscle artifact	0.844	True	True	0.051	0.844	0.006	0.012	0.016	0.011	0.061
001	3	muscle artifact	0.899	True	True	0.007	0.899	0.005	0.001	0.0	0.058	0.03
001	4	muscle artifact	0.991	True	True	0.005	0.991	0.002	0.0	0.0	0.001	0.001
001	5	muscle artifact	0.974	True	True	0.019	0.974	0.001	0.0	0.0	0.0	0.006
001	6	brain	0.995	False	False	0.995	0.0	0.0	0.0	0.002	0.0	0.003
001	7	heart beat	0.997	True	True	0.002	0.0	0.0	0.997	0.0	0.0	0.0
001	8	brain	0.993	False	False	0.993	0.0	0.0	0.001	0.001	0.0	0.005
001	9	brain	0.999	False	False	0.999	0.0	0.0	0.0	0.0	0.0	0.001
001	10	muscle artifact	0.921	True	True	0.037	0.921	0.006	0.003	0.004	0.009	0.019
001	11	muscle artifact	0.961	True	True	0.026	0.961	0.002	0.0	0.0	0.002	0.009
001	12	muscle artifact	0.996	True	True	0.001	0.996	0.001	0.0	0.0	0.0	0.002
001	13	muscle artifact	0.916	True	True	0.004	0.916	0.004	0.001	0.001	0.003	0.072
001	14	brain	0.734	False	False	0.734	0.06	0.013	0.003	0.01	0.004	0.176
001	15	muscle artifact	0.83	True	True	0.002	0.83	0.148	0.0	0.0	0.002	0.018
001	16	muscle artifact	0.973	True	True	0.003	0.973	0.004	0.001	0.0	0.006	0.013
001	17	muscle artifact	0.955	True	True	0.014	0.955	0.002	0.001	0.001	0.003	0.024
001	18	brain	0.994	False	False	0.994	0.0	0.0	0.0	0.001	0.0	0.004
001	19	muscle artifact	0.995	True	True	0.0	0.995	0.001	0.0	0.0	0.002	0.002
001	20	muscle artifact	0.994	True	True	0.001	0.994	0.001	0.0	0.0	0.002	0.002
001	21	muscle artifact	0.934	True	True	0.013	0.934	0.007	0.0	0.002	0.001	0.043
001	22	muscle artifact	0.951	True	True	0.023	0.951	0.004	0.0	0.001	0.006	0.014
001	23	muscle artifact	0.984	True	True	0.001	0.984	0.0	0.0	0.0	0.002	0.011
001	24	muscle artifact	0.937	True	True	0.022	0.937	0.002	0.001	0.002	0.015	0.021
001	25	muscle artifact	0.731	False	False	0.127	0.731	0.031	0.003	0.018	0.003	0.087
001	26	other	0.548	False	False	0.407	0.006	0.009	0.016	0.007	0.007	0.548
001	27	brain	0.844	False	False	0.844	0.004	0.001	0.001	0.03	0.003	0.117
001	28	muscle artifact	0.974	True	True	0.004	0.974	0.004	0.001	0.0	0.009	0.009
001	29	muscle artifact	0.887	True	True	0.015	0.887	0.08	0.0	0.001	0.004	0.012
001	30	eye blink	0.831	True	True	0.004	0.16	0.831	0.0	0.001	0.001	0.003
001	31	muscle artifact	0.446	False	False	0.362	0.446	0.059	0.01	0.014	0.005	0.105
001	32	muscle artifact	0.894	True	True	0.055	0.894	0.019	0.001	0.002	0.005	0.025
001	33	brain	0.993	False	False	0.993	0.0	0.0	0.0	0.002	0.0	0.004
001	34	muscle artifact	0.965	True	True	0.018	0.965	0.004	0.0	0.0	0.008	0.005
001	35	muscle artifact	0.461	False	False	0.17	0.461	0.249	0.007	0.011	0.049	0.052
001	36	muscle artifact	0.882	True	True	0.047	0.882	0.015	0.005	0.001	0.006	0.046
001	37	muscle artifact	0.649	False	True	0.001	0.649	0.34	0.0	0.0	0.001	0.009
001	38	brain	0.928	False	False	0.928	0.002	0.0	0.001	0.004	0.0	0.065
001	39	brain	0.767	False	False	0.767	0.047	0.049	0.001	0.033	0.006	0.097
001	40	brain	0.819	False	False	0.819	0.004	0.002	0.004	0.006	0.002	0.162
001	41	brain	0.737	False	False	0.737	0.017	0.006	0.001	0.008	0.001	0.229
001	42	muscle artifact	0.921	True	True	0.005	0.921	0.015	0.001	0.0	0.046	0.012
001	43	other	0.55	False	False	0.391	0.013	0.002	0.018	0.025	0.001	0.55
001	44	other	0.441	False	False	0.353	0.028	0.014	0.095	0.03	0.038	0.441
001	45	channel noise	0.929	True	True	0.039	0.006	0.001	0.002	0.002	0.929	0.02
001	46	brain	0.691	False	False	0.691	0.001	0.001	0.0	0.012	0.001	0.293
001	47	brain	0.975	False	False	0.975	0.0	0.0	0.0	0.002	0.005	0.017
001	48	brain	0.591	False	False	0.591	0.002	0.007	0.001	0.012	0.015	0.371
001	49	brain	0.759	False	False	0.759	0.03	0.022	0.019	0.008	0.037	0.126
001	50	eye blink	0.53	False	False	0.045	0.211	0.53	0.001	0.01	0.021	0.182
001	51	brain	0.592	False	False	0.592	0.018	0.045	0.001	0.006	0.193	0.144
001	52	brain	0.769	False	False	0.769	0.019	0.003	0.001	0.019	0.159	0.03
001	53	other	0.486	False	False	0.391	0.013	0.044	0.001	0.002	0.064	0.486
001	54	channel noise	0.744	False	False	0.056	0.017	0.07	0.006	0.003	0.744	0.103
001	55	brain	0.547	False	False	0.547	0.019	0.047	0.003	0.007	0.23	0.147
001	56	brain	0.385	False	False	0.385	0.078	0.008	0.005	0.014	0.152	0.358
001	57	other	0.697	False	False	0.111	0.118	0.0	0.023	0.018	0.032	0.697
001	58	other	0.466	False	False	0.254	0.132	0.004	0.004	0.114	0.026	0.466
001	59	other	0.802	False	False	0.085	0.039	0.0	0.007	0.01	0.057	0.802
002	0	eye blink	0.998	True	True	0.0	0.0	0.998	0.0	0.0	0.0	0.001
002	1	eye blink	1.0	True	True	0.0	0.0	1.0	0.0	0.0	0.0	0.0
002	2	brain	0.976	False	False	0.976	0.01	0.0	0.002	0.004	0.0	0.008
002	3	brain	0.89	False	False	0.89	0.003	0.001	0.005	0.014	0.001	0.085
002	4	brain	0.588	False	False	0.588	0.035	0.002	0.072	0.066	0.002	0.234
002	5	brain	0.999	False	False	0.999	0.0	0.0	0.0	0.0	0.0	0.001
002	6	brain	0.889	False	False	0.889	0.001	0.0	0.002	0.005	0.001	0.101
002	7	brain	0.994	False	False	0.994	0.0	0.0	0.001	0.001	0.0	0.004
002	8	brain	0.96	False	False	0.96	0.0	0.001	0.001	0.009	0.001	0.029
002	9	muscle artifact	0.986	True	True	0.007	0.986	0.001	0.0	0.0	0.0	0.007
002	10	brain	0.964	False	False	0.964	0.001	0.0	0.004	0.003	0.0	0.028
002	11	other	0.874	False	False	0.069	0.014	0.038	0.001	0.003	0.001	0.874
002	12	brain	0.986	False	False	0.986	0.0	0.0	0.001	0.001	0.0	0.012
002	13	brain	0.992	False	False	0.992	0.0	0.0	0.001	0.001	0.0	0.006
002	14	brain	0.861	False	False	0.861	0.0	0.0	0.0	0.007	0.001	0.131
002	15	brain	0.869	False	False	0.869	0.0	0.0	0.001	0.017	0.001	0.112
002	16	other	0.504	False	False	0.379	0.103	0.002	0.007	0.005	0.001	0.504
002	17	brain	0.995	False	False	0.995	0.0	0.0	0.0	0.002	0.0	0.003
002	18	other	0.507	False	False	0.096	0.137	0.18	0.004	0.024	0.052	0.507
002	19	muscle artifact	0.795	False	False	0.038	0.795	0.032	0.005	0.004	0.034	0.093
002	20	brain	0.92	False	False	0.92	0.001	0.001	0.0	0.013	0.004	0.062
002	21	brain	0.616	False	False	0.616	0.001	0.001	0.001	0.006	0.001	0.374
002	22	muscle artifact	0.471	False	False	0.05	0.471	0.055	0.001	0.004	0.006	0.411
002	23	other	0.429	False	False	0.016	0.146	0.401	0.003	0.001	0.004	0.429
002	24	muscle artifact	0.982	True	True	0.012	0.982	0.002	0.0	0.0	0.0	0.004
002	25	muscle artifact	0.811	True	True	0.116	0.811	0.013	0.003	0.012	0.008	0.038
002	26	brain	1.0	False	False	1.0	0.0	0.0	0.0	0.0	0.0	0.0
002	27	muscle artifact	0.978	True	True	0.013	0.978	0.001	0.0	0.001	0.0	0.008
002	28	other	0.72	False	False	0.123	0.123	0.001	0.004	0.019	0.009	0.72
002	29	muscle artifact	0.703	False	False	0.155	0.703	0.053	0.0	0.007	0.003	0.079
002	30	muscle artifact	0.982	True	True	0.005	0.982	0.004	0.001	0.0	0.002	0.007
002	31	brain	0.998	False	False	0.998	0.0	0.0	0.0	0.001	0.0	0.001
002	32	brain	0.537	False	False	0.537	0.144	0.02	0.02	0.004	0.002	0.274
002	33	other	0.676	False	False	0.032	0.216	0.002	0.04	0.013	0.022	0.676
002	34	muscle artifact	0.755	False	False	0.21	0.755	0.008	0.0	0.001	0.009	0.017
002	35	muscle artifact	0.905	True	True	0.029	0.905	0.003	0.003	0.001	0.002	0.058
002	36	other	0.502	False	False	0.454	0.004	0.001	0.001	0.026	0.013	0.502
002	37	muscle artifact	0.962	True	True	0.015	0.962	0.003	0.002	0.001	0.001	0.015
002	38	other	0.526	False	False	0.406	0.001	0.009	0.013	0.044	0.002	0.526
002	39	brain	0.752	False	False	0.752	0.0	0.001	0.0	0.01	0.003	0.233
002	40	muscle artifact	0.324	False	False	0.051	0.324	0.266	0.01	0.022	0.011	0.317
002	41	brain	0.994	False	False	0.994	0.0	0.0	0.0	0.002	0.0	0.004
002	42	muscle artifact	0.595	False	False	0.265	0.595	0.068	0.004	0.001	0.006	0.062
002	43	other	0.633	False	False	0.007	0.264	0.008	0.012	0.003	0.072	0.633
002	44	brain	0.733	False	False	0.733	0.007	0.001	0.009	0.007	0.004	0.238
002	45	other	0.5	False	False	0.272	0.016	0.144	0.029	0.017	0.02	0.5
002	46	other	0.876	False	False	0.081	0.002	0.004	0.003	0.019	0.015	0.876
002	47	brain	0.881	False	False	0.881	0.002	0.001	0.001	0.01	0.001	0.104
002	48	other	0.51	False	False	0.118	0.27	0.02	0.03	0.018	0.035	0.51
002	49	other	0.516	False	False	0.375	0.002	0.003	0.006	0.09	0.008	0.516
002	50	other	0.774	False	False	0.179	0.007	0.002	0.003	0.014	0.022	0.774
002	51	brain	0.519	False	False	0.519	0.01	0.003	0.012	0.028	0.019	0.41
002	52	brain	0.472	False	True	0.472	0.019	0.005	0.016	0.011	0.396	0.081
002	53	other	0.588	False	False	0.185	0.002	0.026	0.002	0.006	0.191	0.588
002	54	brain	0.866	False	False	0.866	0.009	0.002	0.002	0.014	0.075	0.033
002	55	other	0.356	False	False	0.186	0.071	0.127	0.001	0.007	0.252	0.356
002	56	other	0.341	False	False	0.294	0.024	0.022	0.055	0.061	0.203	0.341
003	0	eye blink	0.998	True	True	0.0	0.0	0.998	0.0	0.0	0.0	0.001
003	1	eye blink	0.998	True	True	0.001	0.0	0.998	0.0	0.0	0.0	0.001
003	2	brain	0.804	False	False	0.804	0.002	0.0	0.005	0.003	0.003	0.183
003	3	brain	0.999	False	False	0.999	0.0	0.0	0.0	0.001	0.0	0.001
003	4	brain	0.998	False	False	0.998	0.0	0.0	0.0	0.0	0.0	0.002
003	5	muscle artifact	0.96	True	True	0.025	0.96	0.001	0.0	0.001	0.009	0.004
003	6	muscle artifact	0.996	True	True	0.002	0.996	0.001	0.0	0.0	0.0	0.001
003	7	muscle artifact	0.957	True	True	0.012	0.957	0.007	0.001	0.001	0.003	0.02
003	8	muscle artifact	0.786	False	False	0.066	0.786	0.04	0.0	0.006	0.031	0.071
003	9	brain	0.999	False	False	0.999	0.0	0.0	0.0	0.0	0.0	0.001
003	10	muscle artifact	0.614	False	False	0.298	0.614	0.002	0.0	0.031	0.003	0.052
003	11	brain	0.966	False	False	0.966	0.0	0.0	0.0	0.0	0.0	0.033
003	12	muscle artifact	0.569	False	False	0.386	0.569	0.02	0.002	0.001	0.003	0.019
003	13	muscle artifact	0.785	False	False	0.033	0.785	0.009	0.0	0.002	0.004	0.166
003	14	brain	0.998	False	False	0.998	0.0	0.0	0.0	0.0	0.0	0.001
003	15	muscle artifact	0.989	True	True	0.001	0.989	0.004	0.0	0.0	0.003	0.003
003	16	muscle artifact	0.944	True	True	0.013	0.944	0.003	0.0	0.001	0.002	0.036
003	17	brain	0.42	False	False	0.42	0.259	0.011	0.0	0.013	0.001	0.295
003	18	brain	0.969	False	False	0.969	0.0	0.0	0.0	0.002	0.0	0.027
003	19	muscle artifact	0.376	False	False	0.17	0.376	0.021	0.012	0.011	0.095	0.316
003	20	other	0.575	False	False	0.041	0.325	0.023	0.003	0.008	0.025	0.575
003	21	muscle artifact	0.951	True	True	0.014	0.951	0.012	0.0	0.004	0.0	0.017
003	22	brain	1.0	False	False	1.0	0.0	0.0	0.0	0.0	0.0	0.0
003	23	other	0.564	False	False	0.38	0.011	0.004	0.001	0.038	0.003	0.564
003	24	brain	0.854	False	False	0.854	0.01	0.011	0.003	0.007	0.001	0.115
003	25	muscle artifact	0.521	False	False	0.083	0.521	0.071	0.007	0.002	0.065	0.25
003	26	muscle artifact	0.998	True	True	0.0	0.998	0.0	0.0	0.0	0.001	0.001
003	27	muscle artifact	0.589	False	False	0.043	0.589	0.045	0.0	0.001	0.071	0.251
003	28	brain	0.646	False	False	0.646	0.005	0.01	0.001	0.003	0.003	0.332
003	29	brain	0.985	False	False	0.985	0.0	0.0	0.0	0.003	0.0	0.012
003	30	brain	0.59	False	False	0.59	0.076	0.007	0.018	0.086	0.013	0.211
003	31	brain	0.823	False	False	0.823	0.036	0.001	0.001	0.011	0.001	0.126
003	32	muscle artifact	0.446	False	False	0.164	0.446	0.032	0.002	0.008	0.003	0.345
003	33	brain	0.822	False	False	0.822	0.003	0.002	0.0	0.004	0.002	0.167
003	34	muscle artifact	0.691	False	False	0.018	0.691	0.237	0.0	0.0	0.004	0.049
003	35	brain	0.501	False	False	0.501	0.112	0.003	0.002	0.01	0.027	0.345
003	36	muscle artifact	0.985	True	True	0.001	0.985	0.008	0.0	0.0	0.001	0.004
003	37	muscle artifact	0.584	False	False	0.146	0.584	0.012	0.001	0.006	0.037	0.214
003	38	other	0.518	False	False	0.286	0.106	0.023	0.005	0.001	0.06	0.518
003	39	other	0.317	False	False	0.054	0.305	0.01	0.005	0.001	0.309	0.317
003	40	muscle artifact	0.744	False	False	0.076	0.744	0.059	0.01	0.011	0.005	0.096
003	41	brain	0.968	False	False	0.968	0.0	0.002	0.0	0.001	0.0	0.029
003	42	channel noise	0.907	True	True	0.034	0.026	0.004	0.004	0.0	0.907	0.025
003	43	brain	0.554	False	False	0.554	0.241	0.002	0.003	0.006	0.005	0.189
003	44	brain	0.739	False	False	0.739	0.002	0.0	0.001	0.005	0.004	0.249
003	45	channel noise	0.671	False	False	0.191	0.006	0.018	0.005	0.012	0.671	0.097
003	46	brain	0.302	False	False	0.302	0.294	0.028	0.001	0.013	0.165	0.198
003	47	channel noise	0.592	False	False	0.326	0.025	0.009	0.003	0.007	0.592	0.038
003	48	other	0.59	False	False	0.061	0.014	0.021	0.02	0.003	0.291	0.59
003	49	channel noise	0.85	True	True	0.009	0.011	0.011	0.001	0.001	0.85	0.116
003	50	channel noise	0.361	False	False	0.359	0.07	0.022	0.001	0.004	0.361	0.184
003	51	brain	0.653	False	False	0.653	0.007	0.004	0.001	0.007	0.272	0.056
003	52	other	0.62	False	False	0.27	0.026	0.056	0.002	0.018	0.007	0.62
003	53	brain	0.698	False	False	0.698	0.022	0.079	0.001	0.052	0.008	0.14
003	54	other	0.424	False	False	0.08	0.037	0.064	0.027	0.007	0.36	0.424
003	55	other	0.763	False	False	0.197	0.012	0.012	0.004	0.003	0.01	0.763
003	56	other	0.695	False	False	0.298	0.002	0.0	0.0	0.004	0.001	0.695
003	57	other	0.692	False	False	0.102	0.002	0.005	0.002	0.001	0.196	0.692
003	58	brain	0.992	False	False	0.992	0.0	0.0	0.0	0.001	0.0	0.006
003	59	muscle artifact	0.965	True	True	0.015	0.965	0.0	0.001	0.005	0.002	0.012
004	0	eye blink	0.999	True	True	0.0	0.0	0.999	0.0	0.0	0.0	0.0
004	1	eye blink	1.0	True	True	0.0	0.0	1.0	0.0	0.0	0.0	0.0
004	2	brain	0.758	False	False	0.758	0.178	0.0	0.001	0.008	0.002	0.052
004	3	muscle artifact	0.57	False	False	0.379	0.57	0.002	0.0	0.002	0.006	0.041
004	4	other	0.545	False	False	0.378	0.02	0.035	0.001	0.006	0.015	0.545
004	5	brain	0.912	False	False	0.912	0.0	0.001	0.0	0.003	0.001	0.083
004	6	brain	0.996	False	False	0.996	0.0	0.0	0.0	0.001	0.0	0.003
004	7	muscle artifact	0.902	True	True	0.011	0.902	0.067	0.0	0.0	0.001	0.018
004	8	muscle artifact	0.463	False	False	0.457	0.463	0.01	0.0	0.003	0.001	0.066
004	9	channel noise	0.988	True	True	0.004	0.001	0.0	0.001	0.001	0.988	0.005
004	10	brain	0.61	False	False	0.61	0.206	0.002	0.002	0.001	0.002	0.177
004	11	other	0.902	False	False	0.084	0.001	0.002	0.0	0.006	0.005	0.902
004	12	other	0.764	False	False	0.128	0.008	0.045	0.007	0.004	0.043	0.764
004	13	muscle artifact	0.825	True	True	0.079	0.825	0.049	0.017	0.007	0.001	0.022
004	14	muscle artifact	0.7	False	False	0.207	0.7	0.032	0.002	0.009	0.0	0.05
004	15	brain	0.729	False	False	0.729	0.065	0.005	0.006	0.027	0.001	0.167
004	16	muscle artifact	0.995	True	True	0.001	0.995	0.001	0.0	0.0	0.0	0.002
004	17	muscle artifact	0.584	False	True	0.008	0.584	0.38	0.001	0.0	0.006	0.022
004	18	eye blink	0.702	False	False	0.007	0.103	0.702	0.001	0.001	0.011	0.175
004	19	brain	0.753	False	False	0.753	0.037	0.013	0.001	0.012	0.005	0.178
004	20	other	0.878	False	False	0.033	0.045	0.011	0.0	0.002	0.031	0.878
004	21	eye blink	0.881	True	True	0.03	0.001	0.881	0.001	0.001	0.001	0.085
004	22	muscle artifact	0.945	True	True	0.01	0.945	0.024	0.0	0.002	0.003	0.017
004	23	other	0.477	False	False	0.05	0.452	0.018	0.001	0.001	0.001	0.477
004	24	muscle artifact	0.443	False	False	0.065	0.443	0.095	0.016	0.025	0.171	0.185
004	25	other	0.544	False	False	0.31	0.01	0.035	0.001	0.05	0.05	0.544
004	26	muscle artifact	0.997	True	True	0.001	0.997	0.0	0.0	0.0	0.001	0.001
004	27	muscle artifact	0.965	True	True	0.019	0.965	0.013	0.0	0.0	0.0	0.002
004	28	muscle artifact	0.341	False	False	0.338	0.341	0.073	0.0	0.004	0.029	0.215
004	29	other	0.448	False	False	0.004	0.291	0.216	0.002	0.01	0.029	0.448
004	30	eye blink	0.603	False	False	0.01	0.047	0.603	0.001	0.019	0.037	0.282
004	31	brain	0.885	False	False	0.885	0.002	0.002	0.0	0.001	0.0	0.109
004	32	brain	0.745	False	False	0.745	0.004	0.029	0.004	0.032	0.025	0.16
004	33	muscle artifact	0.855	True	True	0.02	0.855	0.055	0.001	0.002	0.013	0.054
004	34	muscle artifact	0.324	False	False	0.158	0.324	0.241	0.002	0.028	0.087	0.16
004	35	other	0.469	False	False	0.362	0.157	0.002	0.003	0.006	0.001	0.469
004	36	channel noise	0.663	False	False	0.128	0.105	0.018	0.002	0.003	0.663	0.082
004	37	muscle artifact	0.773	False	False	0.039	0.773	0.044	0.003	0.002	0.063	0.076
004	38	brain	0.588	False	False	0.588	0.032	0.006	0.002	0.011	0.339	0.022
004	39	other	0.333	False	False	0.237	0.233	0.054	0.025	0.026	0.093	0.333
004	40	other	0.685	False	False	0.275	0.002	0.025	0.004	0.001	0.007	0.685
004	41	brain	0.437	False	False	0.437	0.034	0.008	0.007	0.047	0.266	0.201
004	42	other	0.968	False	False	0.007	0.005	0.001	0.0	0.0	0.018	0.968
004	43	channel noise	0.532	False	False	0.273	0.044	0.03	0.002	0.002	0.532	0.117
004	44	muscle artifact	0.454	False	False	0.111	0.454	0.021	0.001	0.002	0.044	0.366
004	45	other	0.95	False	False	0.007	0.002	0.018	0.001	0.003	0.018	0.95
004	46	channel noise	0.827	True	True	0.003	0.044	0.067	0.0	0.001	0.827	0.059
004	47	brain	0.806	False	False	0.806	0.002	0.0	0.001	0.006	0.0	0.183
004	48	other	0.833	False	False	0.161	0.002	0.0	0.0	0.002	0.001	0.833
004	49	brain	0.32	False	False	0.32	0.131	0.046	0.033	0.059	0.2	0.212
004	50	other	0.478	False	False	0.038	0.036	0.113	0.007	0.004	0.323	0.478
004	51	other	0.562	False	False	0.384	0.008	0.002	0.003	0.037	0.003	0.562
004	52	other	0.804	False	False	0.044	0.049	0.005	0.001	0.002	0.095	0.804
004	53	brain	0.36	False	False	0.36	0.032	0.257	0.0	0.004	0.02	0.328
004	54	brain	0.58	False	False	0.58	0.014	0.055	0.001	0.002	0.115	0.232
004	55	muscle artifact	0.426	False	False	0.14	0.426	0.005	0.0	0.068	0.001	0.359
004	56	muscle artifact	0.796	False	False	0.019	0.796	0.007	0.005	0.003	0.075	0.095
004	57	muscle artifact	0.523	False	False	0.084	0.523	0.0	0.001	0.36	0.001	0.032
004	58	brain	0.419	False	False	0.419	0.172	0.0	0.0	0.0	0.0	0.409
005	0	eye blink	0.997	True	True	0.001	0.0	0.997	0.0	0.0	0.0	0.002
005	1	eye blink	1.0	True	True	0.0	0.0	1.0	0.0	0.0	0.0	0.0
005	2	brain	0.985	False	False	0.985	0.0	0.0	0.001	0.001	0.0	0.012
005	3	brain	0.983	False	False	0.983	0.0	0.0	0.001	0.002	0.0	0.013
005	4	brain	0.861	False	False	0.861	0.002	0.001	0.0	0.006	0.005	0.125
005	5	brain	0.97	False	False	0.97	0.005	0.0	0.001	0.004	0.001	0.018
005	6	brain	0.651	False	False	0.651	0.018	0.023	0.001	0.008	0.003	0.296
005	7	eye blink	0.754	False	False	0.041	0.037	0.754	0.003	0.0	0.004	0.161
005	8	other	0.562	False	False	0.097	0.251	0.032	0.004	0.008	0.044	0.562
005	9	brain	0.99	False	False	0.99	0.0	0.001	0.0	0.0	0.0	0.008
005	10	brain	0.908	False	False	0.908	0.005	0.004	0.001	0.024	0.002	0.056
005	11	other	0.348	False	False	0.065	0.036	0.328	0.005	0.206	0.012	0.348
005	12	muscle artifact	0.844	True	True	0.036	0.844	0.007	0.001	0.013	0.001	0.098
005	13	brain	0.915	False	False	0.915	0.001	0.011	0.001	0.011	0.002	0.059
005	14	other	0.58	False	False	0.228	0.109	0.053	0.004	0.019	0.007	0.58
005	15	brain	0.956	False	False	0.956	0.0	0.001	0.0	0.014	0.002	0.027
005	16	other	0.436	False	False	0.352	0.148	0.013	0.014	0.034	0.003	0.436
005	17	muscle artifact	0.327	False	False	0.249	0.327	0.087	0.004	0.082	0.001	0.249
005	18	brain	0.805	False	False	0.805	0.037	0.017	0.001	0.017	0.007	0.116
005	19	eye blink	0.678	False	False	0.026	0.019	0.678	0.003	0.001	0.007	0.267
005	20	muscle artifact	0.988	True	True	0.003	0.988	0.002	0.001	0.0	0.003	0.003
005	21	eye blink	0.481	False	False	0.189	0.008	0.481	0.003	0.068	0.006	0.243
005	22	brain	0.786	False	False	0.786	0.001	0.001	0.005	0.008	0.001	0.198
005	23	brain	0.618	False	False	0.618	0.028	0.091	0.001	0.011	0.002	0.25
005	24	other	0.488	False	False	0.03	0.105	0.357	0.008	0.004	0.007	0.488
005	25	brain	0.843	False	False	0.843	0.031	0.009	0.0	0.003	0.005	0.108
005	26	brain	0.814	False	False	0.814	0.058	0.002	0.001	0.012	0.001	0.112
005	27	other	0.89	False	False	0.078	0.015	0.008	0.002	0.005	0.002	0.89
005	28	other	0.634	False	False	0.039	0.178	0.12	0.001	0.001	0.026	0.634
005	29	eye blink	0.365	False	False	0.165	0.097	0.365	0.005	0.021	0.02	0.326
005	30	other	0.593	False	False	0.048	0.093	0.21	0.004	0.001	0.052	0.593
005	31	other	0.566	False	False	0.414	0.002	0.008	0.001	0.007	0.003	0.566
005	32	muscle artifact	0.457	False	False	0.192	0.457	0.019	0.002	0.001	0.029	0.301
005	33	other	0.494	False	False	0.478	0.005	0.013	0.002	0.003	0.005	0.494
005	34	other	0.698	False	False	0.121	0.151	0.019	0.001	0.001	0.009	0.698
005	35	muscle artifact	0.924	True	True	0.023	0.924	0.03	0.0	0.0	0.003	0.02
005	36	other	0.559	False	False	0.112	0.165	0.052	0.004	0.012	0.096	0.559
005	37	brain	0.968	False	False	0.968	0.0	0.001	0.0	0.001	0.0	0.028
005	38	brain	0.526	False	False	0.526	0.015	0.007	0.0	0.089	0.013	0.349
005	39	brain	0.713	False	False	0.713	0.007	0.035	0.0	0.003	0.002	0.239
005	40	brain	0.801	False	False	0.801	0.001	0.073	0.0	0.007	0.008	0.11
005	41	brain	0.499	False	False	0.499	0.003	0.004	0.001	0.001	0.002	0.49
005	42	brain	0.376	False	False	0.376	0.047	0.272	0.002	0.012	0.2	0.091
005	43	muscle artifact	0.865	True	True	0.006	0.865	0.046	0.0	0.007	0.007	0.068
005	44	channel noise	0.358	False	False	0.221	0.052	0.061	0.067	0.027	0.358	0.214
005	45	other	0.688	False	False	0.123	0.009	0.144	0.002	0.003	0.031	0.688
005	46	channel noise	0.379	False	False	0.133	0.093	0.192	0.001	0.002	0.379	0.2
005	47	muscle artifact	0.854	True	True	0.016	0.854	0.021	0.009	0.002	0.032	0.066
005	48	other	0.825	False	False	0.147	0.003	0.001	0.004	0.017	0.003	0.825
005	49	brain	0.565	False	False	0.565	0.004	0.008	0.026	0.016	0.006	0.375
005	50	other	0.431	False	False	0.179	0.204	0.073	0.013	0.014	0.086	0.431
005	51	other	0.756	False	False	0.212	0.005	0.007	0.0	0.017	0.004	0.756
005	52	brain	0.528	False	False	0.528	0.014	0.011	0.013	0.034	0.041	0.358
005	53	brain	0.753	False	False	0.753	0.027	0.034	0.003	0.049	0.005	0.129
005	54	other	0.7	False	False	0.212	0.039	0.036	0.003	0.008	0.002	0.7
005	55	brain	0.647	False	False	0.647	0.051	0.004	0.003	0.033	0.001	0.26
005	56	other	0.947	False	False	0.005	0.013	0.002	0.0	0.006	0.028	0.947
006	0	eye blink	0.999	True	True	0.0	0.0	0.999	0.0	0.0	0.0	0.0
006	1	eye blink	0.996	True	True	0.001	0.0	0.996	0.001	0.0	0.0	0.002
006	2	muscle artifact	0.492	False	False	0.386	0.492	0.02	0.003	0.007	0.001	0.092
006	3	brain	0.698	False	False	0.698	0.001	0.003	0.002	0.015	0.007	0.274
006	4	eye blink	0.554	False	False	0.134	0.107	0.554	0.003	0.001	0.039	0.162
006	5	muscle artifact	0.916	True	True	0.02	0.916	0.006	0.003	0.005	0.001	0.049
006	6	brain	0.999	False	False	0.999	0.0	0.0	0.0	0.0	0.0	0.001
006	7	brain	0.99	False	False	0.99	0.002	0.0	0.001	0.002	0.0	0.004
006	8	brain	0.996	False	False	0.996	0.0	0.0	0.0	0.001	0.0	0.002
006	9	muscle artifact	0.997	True	True	0.001	0.997	0.0	0.0	0.0	0.001	0.0
006	10	brain	0.929	False	False	0.929	0.02	0.003	0.001	0.009	0.001	0.037
006	11	muscle artifact	0.952	True	True	0.005	0.952	0.027	0.0	0.0	0.001	0.016
006	12	muscle artifact	0.975	True	True	0.019	0.975	0.001	0.0	0.001	0.0	0.004
006	13	muscle artifact	0.973	True	True	0.002	0.973	0.002	0.0	0.0	0.001	0.021
006	14	muscle artifact	0.974	True	True	0.007	0.974	0.004	0.0	0.0	0.002	0.013
006	15	brain	0.998	False	False	0.998	0.0	0.0	0.0	0.0	0.0	0.001
006	16	muscle artifact	0.995	True	True	0.004	0.995	0.0	0.0	0.0	0.0	0.001
006	17	muscle artifact	0.927	True	True	0.007	0.927	0.057	0.0	0.0	0.0	0.008
006	18	muscle artifact	0.859	True	True	0.066	0.859	0.014	0.011	0.005	0.001	0.044
006	19	brain	0.502	False	False	0.502	0.381	0.017	0.0	0.013	0.002	0.084
006	20	muscle artifact	0.397	False	False	0.375	0.397	0.056	0.002	0.007	0.006	0.156
006	21	other	0.38	False	False	0.347	0.244	0.017	0.002	0.009	0.002	0.38
006	22	muscle artifact	0.973	True	True	0.005	0.973	0.002	0.0	0.0	0.001	0.019
006	23	muscle artifact	0.972	True	True	0.003	0.972	0.002	0.0	0.0	0.001	0.021
006	24	brain	0.992	False	False	0.992	0.0	0.0	0.0	0.002	0.0	0.006
006	25	muscle artifact	0.981	True	True	0.001	0.981	0.017	0.0	0.0	0.0	0.001
006	26	muscle artifact	0.922	True	True	0.002	0.922	0.0	0.004	0.0	0.029	0.041
006	27	muscle artifact	0.976	True	True	0.003	0.976	0.015	0.0	0.0	0.0	0.006
006	28	muscle artifact	0.811	True	True	0.083	0.811	0.07	0.003	0.003	0.023	0.007
006	29	eye blink	0.588	False	False	0.033	0.288	0.588	0.002	0.0	0.004	0.085
006	30	brain	0.914	False	False	0.914	0.0	0.0	0.0	0.004	0.0	0.081
006	31	muscle artifact	0.578	False	False	0.231	0.578	0.009	0.0	0.006	0.004	0.172
006	32	other	0.423	False	False	0.329	0.152	0.067	0.001	0.011	0.017	0.423
006	33	muscle artifact	0.929	True	True	0.023	0.929	0.001	0.01	0.0	0.007	0.029
006	34	muscle artifact	0.686	False	False	0.085	0.686	0.033	0.002	0.026	0.04	0.129
006	35	brain	0.623	False	False	0.623	0.001	0.002	0.001	0.022	0.001	0.35
006	36	muscle artifact	0.865	True	True	0.046	0.865	0.052	0.0	0.002	0.013	0.023
006	37	muscle artifact	0.983	True	True	0.002	0.983	0.011	0.0	0.0	0.001	0.003
006	38	other	0.498	False	False	0.456	0.003	0.004	0.005	0.033	0.002	0.498
006	39	other	0.653	False	False	0.188	0.118	0.013	0.003	0.005	0.02	0.653
006	40	brain	0.8	False	False	0.8	0.001	0.002	0.003	0.01	0.013	0.171
006	41	brain	0.494	False	False	0.494	0.306	0.019	0.001	0.014	0.067	0.1
006	42	brain	0.744	False	False	0.744	0.002	0.002	0.003	0.005	0.056	0.188
006	43	brain	0.971	False	False	0.971	0.001	0.001	0.0	0.006	0.0	0.02
006	44	other	0.559	False	False	0.413	0.006	0.001	0.003	0.018	0.001	0.559
006	45	brain	0.944	False	False	0.944	0.001	0.001	0.0	0.003	0.005	0.047
006	46	brain	0.546	False	False	0.546	0.022	0.09	0.0	0.006	0.003	0.334
006	47	brain	0.532	False	False	0.532	0.046	0.002	0.007	0.007	0.003	0.403
006	48	brain	0.243	False	False	0.243	0.174	0.124	0.027	0.016	0.179	0.237
006	49	brain	0.652	False	False	0.652	0.013	0.002	0.003	0.011	0.007	0.311
006	50	brain	0.754	False	False	0.754	0.002	0.004	0.0	0.004	0.004	0.232
006	51	channel noise	0.797	False	True	0.079	0.008	0.027	0.032	0.002	0.797	0.055
006	52	brain	0.838	False	False	0.838	0.003	0.004	0.0	0.013	0.001	0.14
006	53	brain	0.6	False	False	0.6	0.313	0.003	0.001	0.023	0.005	0.056
006	54	channel noise	0.325	False	False	0.167	0.296	0.004	0.001	0.072	0.325	0.135
006	55	other	0.672	False	False	0.008	0.293	0.001	0.002	0.008	0.015	0.672
006	56	other	0.586	False	False	0.007	0.402	0.001	0.0	0.001	0.002	0.586
006	57	muscle artifact	0.504	False	False	0.137	0.504	0.001	0.018	0.038	0.147	0.155
006	58	muscle artifact	0.896	True	True	0.002	0.896	0.001	0.0	0.0	0.055	0.044
006	59	muscle artifact	0.501	False	False	0.057	0.501	0.005	0.001	0.004	0.06	0.373
007	0	eye blink	0.998	True	True	0.0	0.0	0.998	0.0	0.0	0.0	0.002
007	1	eye blink	1.0	True	True	0.0	0.0	1.0	0.0	0.0	0.0	0.0
007	2	brain	0.999	False	False	0.999	0.0	0.0	0.0	0.0	0.0	0.0
007	3	brain	0.989	False	False	0.989	0.0	0.0	0.001	0.003	0.0	0.007
007	4	brain	0.999	False	False	0.999	0.0	0.0	0.0	0.001	0.0	0.001
007	5	other	0.875	False	False	0.077	0.012	0.01	0.0	0.003	0.022	0.875
007	6	brain	0.988	False	False	0.988	0.001	0.001	0.001	0.003	0.0	0.006
007	7	brain	0.999	False	False	0.999	0.0	0.0	0.0	0.0	0.0	0.001
007	8	other	0.393	False	True	0.246	0.092	0.097	0.031	0.017	0.124	0.393
007	9	brain	0.982	False	False	0.982	0.0	0.0	0.0	0.001	0.0	0.016
007	10	brain	0.22	False	False	0.22	0.101	0.179	0.015	0.049	0.219	0.218
007	11	other	0.441	False	False	0.277	0.204	0.013	0.002	0.016	0.048	0.441
007	12	brain	0.897	False	False	0.897	0.062	0.001	0.0	0.006	0.0	0.033
007	13	brain	0.533	False	False	0.533	0.011	0.004	0.0	0.005	0.03	0.417
007	14	brain	0.484	False	False	0.484	0.094	0.07	0.004	0.006	0.018	0.324
007	15	brain	0.511	False	False	0.511	0.037	0.043	0.001	0.004	0.009	0.395
007	16	brain	0.998	False	False	0.998	0.0	0.0	0.0	0.0	0.0	0.002
007	17	brain	0.951	False	False	0.951	0.002	0.001	0.0	0.002	0.0	0.044
007	18	brain	0.959	False	False	0.959	0.002	0.0	0.001	0.011	0.0	0.027
007	19	muscle artifact	0.531	False	False	0.41	0.531	0.012	0.0	0.005	0.008	0.033
007	20	eye blink	0.674	False	False	0.126	0.049	0.674	0.004	0.009	0.006	0.133
007	21	brain	0.857	False	False	0.857	0.002	0.0	0.001	0.015	0.002	0.123
007	22	eye blink	0.826	True	True	0.01	0.138	0.826	0.0	0.0	0.001	0.024
007	23	muscle artifact	0.457	False	False	0.066	0.457	0.056	0.027	0.005	0.287	0.102
007	24	muscle artifact	0.839	True	True	0.101	0.839	0.013	0.002	0.003	0.012	0.031
007	25	other	0.477	False	False	0.403	0.074	0.012	0.0	0.016	0.017	0.477
007	26	other	0.97	False	False	0.004	0.006	0.001	0.005	0.007	0.007	0.97
007	27	brain	0.67	False	False	0.67	0.002	0.013	0.004	0.003	0.006	0.302
007	28	other	0.43	False	False	0.202	0.114	0.077	0.0	0.021	0.155	0.43
007	29	muscle artifact	0.461	False	False	0.023	0.461	0.295	0.003	0.001	0.028	0.188
007	30	muscle artifact	0.336	False	False	0.135	0.336	0.306	0.0	0.002	0.082	0.139
007	31	brain	0.768	False	False	0.768	0.026	0.02	0.001	0.022	0.016	0.147
007	32	muscle artifact	0.616	False	False	0.059	0.616	0.088	0.002	0.004	0.039	0.191
007	33	brain	0.98	False	False	0.98	0.0	0.0	0.0	0.001	0.004	0.013
007	34	muscle artifact	0.73	False	False	0.098	0.73	0.013	0.009	0.001	0.088	0.06
007	35	other	0.473	False	False	0.342	0.026	0.003	0.066	0.033	0.057	0.473
007	36	muscle artifact	0.465	False	False	0.068	0.465	0.06	0.025	0.004	0.117	0.262
007	37	other	0.471	False	False	0.055	0.036	0.204	0.0	0.003	0.23	0.471
007	38	brain	0.876	False	False	0.876	0.045	0.006	0.0	0.001	0.002	0.071
007	39	brain	0.449	False	False	0.449	0.235	0.003	0.001	0.003	0.01	0.299
007	40	other	0.837	False	False	0.151	0.001	0.002	0.0	0.008	0.0	0.837
007	41	brain	0.616	False	False	0.616	0.001	0.006	0.001	0.024	0.005	0.347
007	42	other	0.436	False	False	0.416	0.061	0.054	0.001	0.011	0.021	0.436
007	43	other	0.801	False	False	0.183	0.002	0.007	0.002	0.005	0.001	0.801
007	44	other	0.77	False	False	0.14	0.044	0.006	0.001	0.004	0.035	0.77
007	45	other	0.623	False	False	0.108	0.08	0.051	0.006	0.012	0.12	0.623
007	46	brain	0.501	False	False	0.501	0.03	0.01	0.004	0.084	0.009	0.363
007	47	other	0.464	False	False	0.403	0.054	0.007	0.006	0.064	0.003	0.464
007	48	muscle artifact	0.381	False	False	0.037	0.381	0.357	0.0	0.007	0.008	0.21
007	49	other	0.889	False	False	0.038	0.053	0.001	0.0	0.001	0.018	0.889
007	50	brain	0.503	False	False	0.503	0.005	0.002	0.01	0.042	0.006	0.431
007	51	other	0.471	False	False	0.117	0.036	0.007	0.002	0.003	0.365	0.471
007	52	other	0.406	False	False	0.146	0.055	0.192	0.001	0.003	0.196	0.406
007	53	channel noise	0.675	False	False	0.165	0.007	0.013	0.01	0.01	0.675	0.12
007	54	brain	0.875	False	False	0.875	0.008	0.008	0.001	0.044	0.01	0.053
007	55	brain	0.493	False	False	0.493	0.095	0.011	0.005	0.021	0.255	0.121
007	56	channel noise	0.519	False	False	0.075	0.024	0.042	0.115	0.002	0.519	0.223
007	57	other	0.865	False	False	0.014	0.109	0.002	0.0	0.009	0.0	0.865
008	0	eye blink	0.921	True	True	0.028	0.002	0.921	0.0	0.0	0.001	0.047
008	1	eye blink	0.993	True	True	0.003	0.0	0.993	0.0	0.0	0.0	0.003
008	2	eye blink	0.996	True	True	0.002	0.0	0.996	0.0	0.0	0.0	0.002
008	3	brain	0.977	False	False	0.977	0.0	0.001	0.003	0.001	0.0	0.018
008	4	brain	0.998	False	False	0.998	0.0	0.0	0.0	0.0	0.0	0.001
008	5	channel noise	0.622	False	True	0.012	0.069	0.042	0.007	0.007	0.622	0.241
008	6	brain	0.997	False	False	0.997	0.0	0.0	0.0	0.001	0.0	0.002
008	7	brain	0.997	False	False	0.997	0.0	0.0	0.0	0.001	0.0	0.002
008	8	other	0.426	False	False	0.221	0.271	0.031	0.026	0.005	0.02	0.426
008	9	eye blink	0.679	False	True	0.016	0.128	0.679	0.0	0.002	0.069	0.105
008	10	eye blink	0.507	False	False	0.105	0.022	0.507	0.001	0.006	0.011	0.348
008	11	eye blink	0.599	False	False	0.065	0.282	0.599	0.0	0.007	0.004	0.043
008	12	brain	0.8	False	False	0.8	0.006	0.006	0.001	0.007	0.002	0.179
008	13	brain	0.818	False	False	0.818	0.001	0.003	0.0	0.013	0.01	0.154
008	14	brain	0.979	False	False	0.979	0.0	0.0	0.0	0.001	0.0	0.019
008	15	eye blink	0.483	False	False	0.194	0.028	0.483	0.0	0.001	0.013	0.282
008	16	other	0.535	False	False	0.384	0.06	0.005	0.01	0.003	0.003	0.535
008	17	other	0.494	False	False	0.228	0.197	0.026	0.015	0.025	0.015	0.494
008	18	muscle artifact	0.678	False	False	0.036	0.678	0.027	0.012	0.006	0.04	0.201
008	19	brain	0.429	False	False	0.429	0.073	0.103	0.001	0.032	0.274	0.088
008	20	brain	0.94	False	False	0.94	0.005	0.001	0.002	0.007	0.001	0.043
008	21	brain	0.694	False	False	0.694	0.002	0.021	0.002	0.041	0.058	0.182
008	22	muscle artifact	0.698	False	False	0.015	0.698	0.056	0.007	0.004	0.057	0.162
008	23	brain	0.44	False	False	0.44	0.121	0.034	0.004	0.005	0.012	0.384
008	24	other	0.508	False	False	0.154	0.218	0.031	0.005	0.017	0.067	0.508
008	25	muscle artifact	0.911	True	True	0.04	0.911	0.006	0.003	0.003	0.014	0.022
008	26	brain	0.639	False	False	0.639	0.045	0.015	0.005	0.005	0.213	0.078
008	27	muscle artifact	0.922	True	True	0.016	0.922	0.025	0.001	0.0	0.005	0.031
008	28	brain	0.825	False	False	0.825	0.002	0.009	0.006	0.007	0.006	0.146
008	29	other	0.331	False	False	0.065	0.167	0.134	0.002	0.003	0.299	0.331
008	30	other	0.437	False	False	0.039	0.315	0.047	0.032	0.017	0.113	0.437
008	31	muscle artifact	0.616	False	False	0.041	0.616	0.053	0.002	0.004	0.079	0.205
008	32	brain	0.841	False	False	0.841	0.045	0.013	0.0	0.032	0.028	0.041
008	33	other	0.423	False	False	0.13	0.286	0.031	0.082	0.021	0.027	0.423
008	34	channel noise	0.445	False	False	0.22	0.12	0.044	0.001	0.004	0.445	0.165
008	35	other	0.533	False	False	0.377	0.006	0.012	0.005	0.002	0.064	0.533
008	36	brain	0.991	False	False	0.991	0.0	0.0	0.0	0.002	0.0	0.006
008	37	other	0.518	False	False	0.165	0.082	0.195	0.006	0.001	0.034	0.518
008	38	brain	0.955	False	False	0.955	0.0	0.0	0.0	0.003	0.003	0.039
008	39	muscle artifact	0.439	False	False	0.123	0.439	0.032	0.005	0.004	0.044	0.354
008	40	other	0.689	False	False	0.288	0.002	0.0	0.0	0.017	0.003	0.689
008	41	brain	0.924	False	False	0.924	0.003	0.004	0.003	0.007	0.003	0.057
008	42	channel noise	0.322	False	False	0.252	0.017	0.044	0.038	0.01	0.322	0.317
008	43	brain	0.934	False	False	0.934	0.001	0.0	0.0	0.002	0.003	0.059
008	44	channel noise	0.48	False	False	0.109	0.051	0.048	0.121	0.01	0.48	0.182
008	45	brain	0.795	False	False	0.795	0.003	0.004	0.009	0.006	0.012	0.171
008	46	other	0.667	False	False	0.306	0.018	0.001	0.002	0.005	0.001	0.667
008	47	other	0.452	False	False	0.161	0.353	0.015	0.0	0.017	0.002	0.452
008	48	other	0.717	False	False	0.149	0.001	0.0	0.0	0.132	0.001	0.717
008	49	other	0.759	False	False	0.05	0.005	0.02	0.008	0.146	0.012	0.759
008	50	other	0.477	False	False	0.059	0.429	0.005	0.0	0.012	0.017	0.477
008	51	brain	0.617	False	False	0.617	0.01	0.003	0.0	0.033	0.0	0.336
008	52	other	0.559	False	False	0.056	0.296	0.001	0.0	0.083	0.004	0.559
008	53	muscle artifact	0.742	False	False	0.028	0.742	0.004	0.0	0.003	0.045	0.177
008	54	brain	0.465	False	False	0.465	0.34	0.001	0.0	0.01	0.009	0.175
008	55	line noise	0.487	False	False	0.031	0.161	0.047	0.0	0.487	0.014	0.26
009	0	eye blink	0.996	True	True	0.001	0.0	0.996	0.0	0.0	0.0	0.002
009	1	eye blink	0.993	True	True	0.002	0.0	0.993	0.0	0.0	0.0	0.003
009	2	other	0.533	False	False	0.44	0.0	0.002	0.003	0.018	0.005	0.533
009	3	brain	0.999	False	False	0.999	0.0	0.0	0.0	0.0	0.0	0.001
009	4	brain	0.997	False	False	0.997	0.0	0.0	0.0	0.0	0.0	0.002
009	5	brain	0.998	False	False	0.998	0.0	0.0	0.0	0.001	0.0	0.001
009	6	brain	0.983	False	False	0.983	0.0	0.0	0.0	0.002	0.0	0.015
009	7	muscle artifact	0.997	True	True	0.001	0.997	0.0	0.0	0.0	0.0	0.002
009	8	muscle artifact	0.959	True	True	0.022	0.959	0.002	0.0	0.001	0.0	0.016
009	9	muscle artifact	0.911	True	True	0.051	0.911	0.001	0.0	0.001	0.0	0.036
009	10	muscle artifact	0.991	True	True	0.003	0.991	0.001	0.0	0.0	0.001	0.005
009	11	muscle artifact	0.793	False	False	0.038	0.793	0.02	0.005	0.001	0.006	0.137
009	12	other	0.472	False	False	0.392	0.011	0.082	0.001	0.002	0.04	0.472
009	13	eye blink	0.603	False	True	0.02	0.137	0.603	0.001	0.001	0.067	0.171
009	14	other	0.587	False	False	0.264	0.012	0.09	0.007	0.028	0.011	0.587
009	15	other	0.489	False	False	0.362	0.062	0.057	0.001	0.02	0.009	0.489
009	16	other	0.469	False	False	0.391	0.086	0.007	0.035	0.009	0.004	0.469
009	17	brain	0.607	False	False	0.607	0.024	0.068	0.003	0.034	0.006	0.258
009	18	muscle artifact	0.682	False	False	0.005	0.682	0.271	0.001	0.0	0.002	0.039
009	19	brain	0.6	False	False	0.6	0.093	0.013	0.004	0.006	0.022	0.262
009	20	brain	0.92	False	False	0.92	0.004	0.002	0.0	0.005	0.001	0.068
009	21	brain	0.993	False	False	0.993	0.0	0.0	0.0	0.001	0.0	0.006
009	22	brain	0.482	False	False	0.482	0.014	0.032	0.007	0.054	0.04	0.372
009	23	brain	0.967	False	False	0.967	0.001	0.001	0.0	0.014	0.0	0.016
009	24	brain	0.819	False	False	0.819	0.007	0.015	0.0	0.005	0.004	0.149
009	25	eye blink	0.886	True	True	0.032	0.036	0.886	0.0	0.002	0.001	0.043
009	26	eye blink	0.716	False	False	0.032	0.094	0.716	0.019	0.001	0.002	0.136
009	27	brain	0.898	False	False	0.898	0.001	0.003	0.0	0.004	0.0	0.094
009	28	other	0.768	False	False	0.033	0.167	0.025	0.001	0.003	0.003	0.768
009	29	other	0.575	False	False	0.175	0.188	0.035	0.008	0.005	0.013	0.575
009	30	muscle artifact	0.827	True	True	0.032	0.827	0.02	0.003	0.004	0.032	0.083
009	31	brain	0.875	False	False	0.875	0.004	0.002	0.0	0.007	0.001	0.111
009	32	muscle artifact	0.993	True	True	0.001	0.993	0.002	0.0	0.0	0.001	0.003
009	33	brain	0.77	False	False	0.77	0.004	0.001	0.003	0.014	0.0	0.207
009	34	brain	0.711	False	False	0.711	0.001	0.006	0.0	0.008	0.02	0.255
009	35	muscle artifact	0.503	False	False	0.072	0.503	0.244	0.001	0.02	0.015	0.147
009	36	channel noise	0.434	False	False	0.099	0.05	0.075	0.003	0.005	0.434	0.334
009	37	other	0.506	False	False	0.318	0.038	0.031	0.003	0.102	0.002	0.506
009	38	brain	0.75	False	False	0.75	0.011	0.014	0.001	0.005	0.011	0.208
009	39	muscle artifact	0.949	True	True	0.002	0.949	0.001	0.0	0.006	0.025	0.016
009	40	other	0.752	False	False	0.228	0.002	0.012	0.001	0.002	0.004	0.752
009	41	other	0.708	False	False	0.063	0.114	0.069	0.006	0.003	0.038	0.708
009	42	brain	0.718	False	False	0.718	0.008	0.024	0.001	0.037	0.053	0.16
009	43	brain	0.415	False	False	0.415	0.068	0.028	0.004	0.004	0.094	0.387
009	44	brain	0.991	False	False	0.991	0.001	0.0	0.0	0.001	0.0	0.007
009	45	brain	0.767	False	False	0.767	0.001	0.004	0.001	0.026	0.005	0.196
009	46	brain	0.542	False	False	0.542	0.008	0.005	0.002	0.027	0.018	0.399
009	47	brain	0.479	False	False	0.479	0.02	0.042	0.006	0.03	0.153	0.269
009	48	brain	0.952	False	False	0.952	0.002	0.005	0.0	0.007	0.023	0.01
009	49	other	0.588	False	False	0.289	0.007	0.004	0.001	0.004	0.107	0.588
009	50	other	0.649	False	False	0.207	0.025	0.008	0.007	0.031	0.074	0.649
009	51	other	0.926	False	False	0.003	0.065	0.0	0.002	0.001	0.003	0.926
009	52	other	0.615	False	False	0.001	0.293	0.064	0.0	0.009	0.019	0.615
009	53	other	0.403	False	False	0.103	0.163	0.008	0.0	0.322	0.001	0.403
009	54	other	0.846	False	False	0.012	0.055	0.013	0.002	0.061	0.011	0.846
009	55	other	0.965	False	False	0.006	0.005	0.001	0.001	0.02	0.001	0.965
009	56	muscle artifact	0.512	False	False	0.067	0.512	0.01	0.014	0.071	0.009	0.318
009	57	other	0.956	False	False	0.008	0.031	0.0	0.0	0.003	0.001	0.956
009	58	other	0.796	False	False	0.002	0.19	0.001	0.006	0.0	0.003	0.796
009	59	other	0.937	False	False	0.002	0.034	0.001	0.003	0.001	0.021	0.937
010	0	eye blink	0.997	True	True	0.0	0.0	0.997	0.0	0.0	0.0	0.002
010	1	eye blink	0.997	True	True	0.002	0.0	0.997	0.0	0.0	0.0	0.001
010	2	brain	0.98	False	False	0.98	0.0	0.0	0.0	0.005	0.0	0.014
010	3	brain	0.985	False	False	0.985	0.001	0.001	0.0	0.004	0.0	0.009
010	4	brain	0.999	False	False	0.999	0.0	0.0	0.0	0.001	0.0	0.0
010	5	brain	0.997	False	False	0.997	0.0	0.0	0.0	0.001	0.0	0.001
010	6	brain	0.998	False	False	0.998	0.001	0.0	0.0	0.0	0.0	0.0
010	7	brain	1.0	False	False	1.0	0.0	0.0	0.0	0.0	0.0	0.0
010	8	brain	0.949	False	False	0.949	0.0	0.0	0.0	0.001	0.0	0.05
010	9	muscle artifact	0.999	True	True	0.0	0.999	0.0	0.0	0.0	0.0	0.0
010	10	brain	0.998	False	False	0.998	0.0	0.0	0.0	0.0	0.0	0.002
010	11	brain	0.962	False	False	0.962	0.0	0.0	0.0	0.002	0.0	0.034
010	12	brain	0.949	False	False	0.949	0.001	0.0	0.001	0.007	0.0	0.042
010	13	brain	1.0	False	False	1.0	0.0	0.0	0.0	0.0	0.0	0.0
010	14	brain	0.979	False	False	0.979	0.0	0.0	0.0	0.0	0.0	0.02
010	15	brain	0.96	False	False	0.96	0.0	0.001	0.0	0.003	0.0	0.035
010	16	eye blink	0.922	True	True	0.015	0.036	0.922	0.0	0.001	0.001	0.025
010	17	brain	0.508	False	True	0.508	0.247	0.047	0.002	0.017	0.037	0.141
010	18	brain	0.99	False	False	0.99	0.001	0.0	0.0	0.001	0.0	0.008
010	19	brain	0.555	False	False	0.555	0.005	0.012	0.002	0.008	0.002	0.417
010	20	other	0.678	False	False	0.172	0.093	0.004	0.014	0.02	0.018	0.678
010	21	other	0.701	False	False	0.284	0.005	0.001	0.0	0.008	0.0	0.701
010	22	muscle artifact	0.965	True	True	0.01	0.965	0.012	0.0	0.0	0.003	0.009
010	23	other	0.468	False	True	0.178	0.096	0.011	0.006	0.028	0.213	0.468
010	24	brain	0.99	False	False	0.99	0.0	0.001	0.0	0.001	0.0	0.007
010	25	muscle artifact	0.444	False	False	0.166	0.444	0.037	0.012	0.005	0.158	0.178
010	26	other	0.569	False	False	0.205	0.178	0.03	0.0	0.003	0.015	0.569
010	27	eye blink	0.596	False	False	0.029	0.071	0.596	0.001	0.001	0.025	0.277
010	28	brain	0.604	False	False	0.604	0.031	0.052	0.002	0.015	0.006	0.29
010	29	muscle artifact	0.7	False	False	0.28	0.7	0.001	0.001	0.001	0.009	0.007
010	30	brain	0.988	False	False	0.988	0.004	0.0	0.0	0.003	0.0	0.004
010	31	muscle artifact	0.48	False	False	0.369	0.48	0.027	0.002	0.002	0.018	0.102
010	32	muscle artifact	0.62	False	False	0.086	0.62	0.203	0.001	0.007	0.004	0.08
010	33	muscle artifact	0.438	False	False	0.204	0.438	0.047	0.0	0.06	0.016	0.235
010	34	other	0.472	False	False	0.059	0.041	0.424	0.001	0.002	0.002	0.472
010	35	brain	0.976	False	False	0.976	0.004	0.005	0.0	0.001	0.005	0.009
010	36	muscle artifact	0.671	False	False	0.055	0.671	0.041	0.016	0.001	0.124	0.092
010	37	brain	0.478	False	False	0.478	0.077	0.029	0.001	0.009	0.041	0.365
010	38	brain	0.86	False	False	0.86	0.032	0.037	0.001	0.014	0.022	0.034
010	39	brain	0.827	False	False	0.827	0.037	0.003	0.0	0.024	0.01	0.099
010	40	brain	0.684	False	False	0.684	0.004	0.015	0.006	0.009	0.002	0.279
010	41	brain	0.906	False	False	0.906	0.004	0.004	0.002	0.012	0.0	0.071
010	42	other	0.592	False	False	0.378	0.005	0.001	0.001	0.02	0.003	0.592
010	43	brain	0.732	False	False	0.732	0.001	0.0	0.004	0.049	0.009	0.205
010	44	brain	0.567	False	False	0.567	0.014	0.012	0.016	0.071	0.021	0.299
010	45	brain	0.683	False	False	0.683	0.006	0.002	0.002	0.025	0.001	0.281
010	46	channel noise	0.44	False	False	0.199	0.007	0.005	0.019	0.018	0.44	0.311
010	47	brain	0.439	False	False	0.439	0.061	0.015	0.001	0.01	0.078	0.395
010	48	brain	0.907	False	False	0.907	0.002	0.003	0.0	0.006	0.002	0.081
010	49	brain	0.518	False	False	0.518	0.026	0.005	0.003	0.203	0.085	0.161
010	50	brain	0.521	False	False	0.521	0.175	0.265	0.0	0.006	0.02	0.012
010	51	other	0.705	False	False	0.043	0.08	0.095	0.015	0.045	0.017	0.705
010	52	brain	0.855	False	False	0.855	0.001	0.009	0.003	0.001	0.017	0.113
010	53	other	0.936	False	False	0.041	0.011	0.008	0.0	0.004	0.0	0.936
010	54	other	0.52	False	False	0.14	0.279	0.002	0.001	0.013	0.045	0.52
010	55	muscle artifact	0.629	False	False	0.126	0.629	0.007	0.005	0.029	0.055	0.147
010	56	other	0.526	False	False	0.264	0.074	0.021	0.058	0.049	0.008	0.526
010	57	other	0.738	False	False	0.015	0.068	0.053	0.092	0.011	0.022	0.738
010	58	muscle artifact	0.755	False	False	0.051	0.755	0.001	0.004	0.01	0.005	0.173
010	59	other	0.997	False	False	0.0	0.002	0.0	0.0	0.0	0.0	0.997
010	60	muscle artifact	0.404	False	False	0.096	0.404	0.008	0.002	0.123	0.088	0.279
010	61	muscle artifact	0.606	False	False	0.044	0.606	0.0	0.0	0.036	0.003	0.311
011	0	eye blink	0.998	True	True	0.0	0.0	0.998	0.0	0.0	0.0	0.001
011	1	eye blink	1.0	True	True	0.0	0.0	1.0	0.0	0.0	0.0	0.0
011	2	brain	0.995	False	False	0.995	0.002	0.0	0.0	0.0	0.0	0.002
011	3	brain	0.993	False	False	0.993	0.0	0.0	0.001	0.001	0.001	0.005
011	4	brain	0.984	False	False	0.984	0.0	0.0	0.0	0.005	0.001	0.009
011	5	brain	0.994	False	False	0.994	0.0	0.0	0.001	0.001	0.0	0.003
011	6	brain	0.94	False	False	0.94	0.002	0.042	0.0	0.002	0.0	0.014
011	7	brain	0.992	False	False	0.992	0.0	0.0	0.0	0.001	0.0	0.006
011	8	muscle artifact	0.432	False	True	0.106	0.432	0.009	0.018	0.006	0.145	0.284
011	9	other	0.727	False	False	0.242	0.002	0.008	0.005	0.014	0.003	0.727
011	10	other	0.438	False	False	0.039	0.41	0.089	0.001	0.002	0.021	0.438
011	11	brain	0.552	False	False	0.552	0.003	0.008	0.001	0.017	0.004	0.416
011	12	eye blink	0.942	True	True	0.003	0.021	0.942	0.0	0.0	0.005	0.029
011	13	brain	0.852	False	False	0.852	0.004	0.0	0.015	0.013	0.002	0.114
011	14	eye blink	0.94	True	True	0.001	0.053	0.94	0.0	0.0	0.0	0.005
011	15	other	0.525	False	False	0.426	0.003	0.005	0.022	0.019	0.001	0.525
011	16	other	0.534	False	False	0.224	0.126	0.079	0.003	0.02	0.014	0.534
011	17	muscle artifact	0.625	False	False	0.176	0.625	0.047	0.0	0.002	0.004	0.145
011	18	brain	0.639	False	False	0.639	0.219	0.013	0.009	0.022	0.012	0.087
011	19	other	0.474	False	False	0.267	0.173	0.054	0.006	0.009	0.018	0.474
011	20	other	0.819	False	False	0.021	0.101	0.024	0.001	0.002	0.033	0.819
011	21	other	0.833	False	False	0.105	0.007	0.024	0.003	0.018	0.011	0.833
011	22	muscle artifact	0.384	False	False	0.006	0.384	0.26	0.0	0.001	0.009	0.34
011	23	other	0.894	False	False	0.079	0.009	0.001	0.008	0.007	0.002	0.894
011	24	brain	0.512	False	False	0.512	0.007	0.016	0.001	0.006	0.051	0.407
011	25	brain	0.391	False	False	0.391	0.28	0.03	0.007	0.002	0.009	0.282
011	26	other	0.769	False	False	0.023	0.009	0.172	0.0	0.001	0.027	0.769
011	27	eye blink	0.315	False	False	0.244	0.097	0.315	0.002	0.027	0.029	0.287
011	28	muscle artifact	0.732	False	False	0.161	0.732	0.012	0.001	0.013	0.006	0.075
011	29	muscle artifact	0.798	False	True	0.002	0.798	0.144	0.0	0.001	0.011	0.045
011	30	brain	0.78	False	False	0.78	0.002	0.001	0.017	0.002	0.006	0.193
011	31	other	0.944	False	False	0.014	0.0	0.039	0.0	0.001	0.002	0.944
011	32	other	0.956	False	False	0.024	0.006	0.002	0.001	0.01	0.001	0.956
011	33	brain	0.752	False	False	0.752	0.003	0.0	0.0	0.002	0.001	0.242
011	34	other	0.525	False	False	0.446	0.005	0.004	0.001	0.012	0.008	0.525
011	35	brain	0.434	False	False	0.434	0.224	0.157	0.001	0.028	0.091	0.065
011	36	brain	0.755	False	False	0.755	0.015	0.002	0.002	0.008	0.022	0.194
011	37	muscle artifact	0.476	False	False	0.009	0.476	0.267	0.0	0.002	0.01	0.236
011	38	muscle artifact	0.456	False	False	0.135	0.456	0.038	0.012	0.045	0.016	0.297
011	39	muscle artifact	0.909	True	True	0.001	0.909	0.072	0.0	0.001	0.001	0.016
011	40	brain	0.843	False	False	0.843	0.006	0.004	0.002	0.003	0.002	0.139
011	41	channel noise	0.634	False	False	0.162	0.007	0.003	0.06	0.103	0.634	0.031
011	42	other	0.615	False	False	0.115	0.115	0.059	0.002	0.003	0.09	0.615
011	43	other	0.504	False	False	0.483	0.008	0.002	0.0	0.003	0.0	0.504
011	44	channel noise	0.876	True	True	0.074	0.002	0.009	0.006	0.007	0.876	0.025
011	45	brain	0.771	False	False	0.771	0.041	0.021	0.007	0.015	0.048	0.097
011	46	muscle artifact	0.53	False	False	0.255	0.53	0.008	0.0	0.07	0.001	0.135
011	47	channel noise	0.535	False	False	0.214	0.028	0.061	0.003	0.008	0.535	0.151
011	48	brain	0.477	False	False	0.477	0.004	0.007	0.012	0.042	0.005	0.453
011	49	channel noise	0.631	False	False	0.299	0.006	0.005	0.006	0.012	0.631	0.041
011	50	other	0.854	False	False	0.023	0.007	0.001	0.001	0.002	0.112	0.854
011	51	other	0.567	False	False	0.229	0.003	0.008	0.005	0.043	0.144	0.567
011	52	other	0.685	False	False	0.06	0.084	0.128	0.0	0.041	0.003	0.685
011	53	other	0.854	False	False	0.086	0.031	0.014	0.005	0.006	0.004	0.854
011	54	muscle artifact	0.486	False	False	0.247	0.486	0.02	0.0	0.007	0.009	0.23
011	55	other	0.802	False	False	0.057	0.074	0.013	0.0	0.009	0.045	0.802
011	56	other	0.959	False	False	0.014	0.019	0.001	0.001	0.0	0.005	0.959
011	57	other	0.608	False	False	0.045	0.312	0.003	0.003	0.022	0.007	0.608
012	0	eye blink	0.997	True	True	0.0	0.0	0.997	0.0	0.0	0.0	0.002
012	1	eye blink	1.0	True	True	0.0	0.0	1.0	0.0	0.0	0.0	0.0
012	2	brain	0.997	False	False	0.997	0.0	0.0	0.0	0.001	0.0	0.002
012	3	brain	0.901	False	False	0.901	0.0	0.0	0.001	0.003	0.001	0.093
012	4	brain	0.845	False	False	0.845	0.0	0.0	0.145	0.005	0.0	0.004
012	5	eye blink	0.88	True	True	0.014	0.011	0.88	0.001	0.001	0.03	0.062
012	6	brain	0.977	False	False	0.977	0.0	0.0	0.001	0.001	0.0	0.02
012	7	brain	0.992	False	False	0.992	0.0	0.0	0.001	0.0	0.0	0.007
012	8	channel noise	0.389	False	False	0.109	0.127	0.217	0.015	0.005	0.389	0.139
012	9	brain	0.997	False	False	0.997	0.0	0.0	0.0	0.0	0.0	0.003
012	10	brain	0.915	False	False	0.915	0.017	0.001	0.0	0.023	0.008	0.035
012	11	brain	0.997	False	False	0.997	0.0	0.0	0.0	0.001	0.0	0.002
012	12	other	0.363	False	False	0.166	0.102	0.136	0.012	0.032	0.19	0.363
012	13	other	0.486	False	False	0.223	0.218	0.045	0.012	0.013	0.004	0.486
012	14	other	0.693	False	False	0.046	0.061	0.144	0.003	0.0	0.052	0.693
012	15	eye blink	0.851	True	True	0.011	0.018	0.851	0.0	0.001	0.026	0.093
012	16	brain	0.584	False	False	0.584	0.071	0.011	0.016	0.018	0.004	0.295
012	17	other	0.768	False	False	0.064	0.004	0.086	0.0	0.002	0.076	0.768
012	18	channel noise	0.527	False	False	0.163	0.108	0.042	0.034	0.006	0.527	0.119
012	19	brain	0.987	False	False	0.987	0.0	0.0	0.0	0.0	0.0	0.012
012	20	brain	0.847	False	False	0.847	0.007	0.038	0.005	0.017	0.002	0.084
012	21	channel noise	0.33	False	False	0.242	0.113	0.067	0.0	0.002	0.33	0.247
012	22	other	0.291	False	False	0.174	0.278	0.068	0.029	0.008	0.151	0.291
012	23	brain	0.959	False	False	0.959	0.002	0.001	0.001	0.002	0.001	0.033
012	24	other	0.809	False	False	0.153	0.025	0.007	0.0	0.001	0.004	0.809
012	25	channel noise	0.473	False	False	0.069	0.182	0.015	0.065	0.008	0.473	0.188
012	26	muscle artifact	0.815	True	True	0.058	0.815	0.019	0.002	0.002	0.014	0.09
012	27	other	0.319	False	False	0.308	0.018	0.254	0.002	0.004	0.096	0.319
012	28	brain	0.985	False	False	0.985	0.0	0.0	0.0	0.004	0.0	0.011
012	29	brain	0.631	False	False	0.631	0.004	0.001	0.002	0.001	0.007	0.355
012	30	channel noise	0.619	False	False	0.097	0.035	0.106	0.0	0.001	0.619	0.142
012	31	other	0.398	False	False	0.13	0.371	0.019	0.004	0.024	0.054	0.398
012	32	other	0.473	False	False	0.151	0.002	0.367	0.0	0.001	0.006	0.473
012	33	brain	0.852	False	False	0.852	0.03	0.003	0.016	0.005	0.01	0.084
012	34	brain	0.915	False	False	0.915	0.003	0.004	0.001	0.003	0.004	0.071
012	35	brain	0.739	False	False	0.739	0.007	0.003	0.001	0.005	0.002	0.243
012	36	brain	0.509	False	False	0.509	0.081	0.017	0.006	0.012	0.029	0.347
012	37	other	0.824	False	False	0.166	0.001	0.001	0.001	0.006	0.0	0.824
012	38	brain	0.335	False	False	0.335	0.194	0.054	0.005	0.005	0.195	0.212
012	39	brain	0.361	False	False	0.361	0.112	0.164	0.001	0.002	0.051	0.309
012	40	other	0.568	False	False	0.324	0.008	0.004	0.052	0.033	0.01	0.568
012	41	muscle artifact	0.358	False	False	0.219	0.358	0.048	0.014	0.008	0.104	0.25
012	42	other	0.519	False	False	0.205	0.028	0.004	0.007	0.001	0.236	0.519
012	43	brain	0.921	False	False	0.921	0.003	0.002	0.005	0.003	0.003	0.062
012	44	other	0.387	False	False	0.237	0.238	0.074	0.006	0.002	0.055	0.387
012	45	brain	0.98	False	False	0.98	0.004	0.001	0.0	0.004	0.0	0.01
012	46	brain	0.747	False	False	0.747	0.075	0.005	0.002	0.012	0.003	0.156
012	47	muscle artifact	0.516	False	False	0.08	0.516	0.081	0.003	0.011	0.033	0.277
012	48	brain	0.509	False	False	0.509	0.239	0.048	0.002	0.002	0.016	0.185
012	49	brain	0.666	False	False	0.666	0.001	0.015	0.001	0.033	0.005	0.278
012	50	eye blink	0.315	False	False	0.16	0.17	0.315	0.014	0.004	0.046	0.292
012	51	other	0.42	False	False	0.142	0.093	0.028	0.007	0.038	0.272	0.42
012	52	other	0.802	False	False	0.178	0.004	0.002	0.0	0.006	0.008	0.802
012	53	brain	0.694	False	False	0.694	0.029	0.028	0.004	0.015	0.04	0.19
012	54	other	0.774	False	False	0.017	0.1	0.043	0.001	0.001	0.063	0.774
012	55	channel noise	0.577	False	False	0.124	0.002	0.001	0.0	0.004	0.577	0.291
012	56	other	0.791	False	False	0.154	0.035	0.008	0.001	0.008	0.002	0.791
012	57	other	0.511	False	False	0.101	0.217	0.076	0.01	0.025	0.06	0.511
013	0	eye blink	1.0	True	True	0.0	0.0	1.0	0.0	0.0	0.0	0.0
013	1	eye blink	0.998	True	True	0.0	0.0	0.998	0.0	0.0	0.0	0.002
013	2	brain	0.862	False	False	0.862	0.007	0.004	0.004	0.002	0.016	0.105
013	3	brain	1.0	False	False	1.0	0.0	0.0	0.0	0.0	0.0	0.0
013	4	brain	0.993	False	False	0.993	0.0	0.0	0.001	0.002	0.0	0.004
013	5	brain	0.998	False	False	0.998	0.0	0.0	0.0	0.0	0.0	0.001
013	6	brain	0.806	False	False	0.806	0.0	0.082	0.003	0.0	0.002	0.106
013	7	brain	0.984	False	False	0.984	0.0	0.0	0.0	0.001	0.0	0.014
013	8	brain	0.895	False	False	0.895	0.02	0.005	0.007	0.005	0.007	0.062
013	9	brain	0.864	False	False	0.864	0.006	0.01	0.0	0.002	0.007	0.112
013	10	muscle artifact	0.596	False	False	0.061	0.596	0.06	0.009	0.012	0.006	0.257
013	11	muscle artifact	0.984	True	True	0.005	0.984	0.001	0.003	0.0	0.004	0.003
013	12	brain	0.993	False	False	0.993	0.0	0.0	0.0	0.001	0.0	0.006
013	13	other	0.272	False	False	0.116	0.177	0.224	0.007	0.002	0.201	0.272
013	14	other	0.354	False	False	0.17	0.109	0.187	0.01	0.026	0.144	0.354
013	15	brain	0.519	False	False	0.519	0.035	0.024	0.002	0.002	0.011	0.408
013	16	brain	0.844	False	False	0.844	0.016	0.002	0.001	0.004	0.003	0.131
013	17	brain	0.887	False	False	0.887	0.028	0.014	0.004	0.023	0.004	0.04
013	18	brain	0.88	False	False	0.88	0.001	0.005	0.005	0.002	0.0	0.107
013	19	other	0.336	False	False	0.041	0.191	0.227	0.017	0.003	0.186	0.336
013	20	other	0.435	False	False	0.101	0.119	0.158	0.004	0.034	0.148	0.435
013	21	eye blink	0.602	False	False	0.045	0.033	0.602	0.001	0.003	0.12	0.196
013	22	channel noise	0.783	False	False	0.028	0.053	0.008	0.062	0.003	0.783	0.062
013	23	muscle artifact	0.411	False	False	0.218	0.411	0.013	0.044	0.011	0.207	0.096
013	24	muscle artifact	0.481	False	False	0.301	0.481	0.01	0.003	0.043	0.006	0.155
013	25	brain	0.697	False	False	0.697	0.03	0.013	0.008	0.011	0.006	0.235
013	26	brain	0.977	False	False	0.977	0.0	0.001	0.0	0.002	0.0	0.02
013	27	brain	0.977	False	False	0.977	0.0	0.0	0.001	0.002	0.0	0.019
013	28	brain	1.0	False	False	1.0	0.0	0.0	0.0	0.0	0.0	0.0
013	29	muscle artifact	0.977	True	True	0.014	0.977	0.001	0.0	0.0	0.001	0.007
013	30	brain	0.984	False	False	0.984	0.0	0.0	0.0	0.001	0.0	0.015
013	31	brain	0.894	False	False	0.894	0.009	0.001	0.0	0.001	0.003	0.091
013	32	brain	0.756	False	False	0.756	0.012	0.008	0.0	0.002	0.009	0.214
013	33	eye blink	0.369	False	False	0.315	0.012	0.369	0.001	0.021	0.007	0.275
013	34	muscle artifact	0.461	False	False	0.057	0.461	0.024	0.012	0.01	0.107	0.328
013	35	brain	0.726	False	False	0.726	0.051	0.045	0.008	0.006	0.048	0.116
013	36	other	0.569	False	False	0.395	0.0	0.017	0.0	0.007	0.01	0.569
013	37	channel noise	0.534	False	False	0.044	0.027	0.028	0.007	0.001	0.534	0.358
013	38	brain	0.994	False	False	0.994	0.0	0.0	0.0	0.001	0.0	0.005
013	39	brain	0.464	False	False	0.464	0.049	0.059	0.003	0.018	0.188	0.219
013	40	brain	0.518	False	False	0.518	0.01	0.032	0.009	0.005	0.01	0.415
013	41	brain	0.876	False	False	0.876	0.008	0.022	0.003	0.006	0.01	0.075
013	42	other	0.624	False	False	0.139	0.031	0.02	0.066	0.041	0.08	0.624
013	43	brain	0.744	False	False	0.744	0.026	0.007	0.004	0.014	0.016	0.188
013	44	brain	0.988	False	False	0.988	0.001	0.0	0.0	0.003	0.004	0.004
013	45	muscle artifact	0.299	False	False	0.201	0.299	0.041	0.055	0.031	0.115	0.258
013	46	other	0.512	False	False	0.319	0.053	0.035	0.0	0.003	0.078	0.512
013	47	other	0.632	False	False	0.334	0.003	0.012	0.002	0.003	0.014	0.632
013	48	brain	0.985	False	False	0.985	0.0	0.0	0.0	0.0	0.0	0.014
013	49	brain	0.619	False	False	0.619	0.011	0.021	0.01	0.029	0.233	0.077
013	50	channel noise	0.878	True	True	0.065	0.005	0.001	0.004	0.002	0.878	0.045
013	51	channel noise	0.524	False	False	0.107	0.041	0.152	0.0	0.002	0.524	0.173
013	52	other	0.489	False	False	0.267	0.047	0.141	0.031	0.017	0.008	0.489
013	53	channel noise	0.884	True	True	0.078	0.002	0.008	0.003	0.005	0.884	0.02
013	54	brain	0.804	False	False	0.804	0.006	0.002	0.001	0.005	0.001	0.182
013	55	brain	0.582	False	False	0.582	0.073	0.02	0.002	0.005	0.269	0.049
013	56	other	0.519	False	False	0.204	0.027	0.017	0.004	0.001	0.228	0.519
013	57	brain	0.578	False	False	0.578	0.012	0.007	0.004	0.026	0.02	0.353
013	58	other	0.53	False	False	0.2	0.12	0.016	0.109	0.003	0.023	0.53
013	59	brain	0.888	False	False	0.888	0.007	0.001	0.004	0.016	0.021	0.063
013	60	brain	0.985	False	False	0.985	0.0	0.0	0.0	0.002	0.003	0.01
014	0	eye blink	0.974	True	True	0.008	0.003	0.974	0.002	0.0	0.0	0.012
014	1	eye blink	0.996	True	True	0.002	0.0	0.996	0.0	0.0	0.0	0.001
014	2	brain	0.962	False	False	0.962	0.002	0.0	0.0	0.007	0.003	0.026
014	3	muscle artifact	0.915	True	True	0.057	0.915	0.001	0.0	0.007	0.0	0.019
014	4	brain	0.824	False	False	0.824	0.025	0.013	0.002	0.028	0.007	0.1
014	5	muscle artifact	0.97	True	True	0.024	0.97	0.0	0.002	0.0	0.001	0.003
014	6	muscle artifact	0.983	True	True	0.004	0.983	0.001	0.0	0.0	0.0	0.012
014	7	brain	0.995	False	False	0.995	0.0	0.0	0.0	0.001	0.0	0.003
014	8	brain	0.408	False	False	0.408	0.381	0.014	0.004	0.013	0.007	0.173
014	9	brain	0.997	False	False	0.997	0.0	0.001	0.0	0.0	0.0	0.001
014	10	muscle artifact	0.74	False	False	0.228	0.74	0.011	0.001	0.004	0.001	0.016
014	11	muscle artifact	0.676	False	False	0.26	0.676	0.001	0.001	0.016	0.001	0.045
014	12	brain	0.941	False	False	0.941	0.001	0.002	0.0	0.003	0.001	0.052
014	13	other	0.409	False	False	0.396	0.092	0.03	0.041	0.021	0.013	0.409
014	14	muscle artifact	0.521	False	False	0.381	0.521	0.009	0.002	0.002	0.01	0.076
014	15	muscle artifact	0.98	True	True	0.001	0.98	0.0	0.0	0.0	0.016	0.003
014	16	brain	0.857	False	False	0.857	0.028	0.003	0.002	0.004	0.008	0.099
014	17	channel noise	0.822	True	True	0.039	0.022	0.038	0.005	0.005	0.822	0.069
014	18	muscle artifact	0.822	True	True	0.051	0.822	0.003	0.0	0.0	0.001	0.123
014	19	muscle artifact	0.944	True	True	0.025	0.944	0.003	0.0	0.001	0.0	0.026
014	20	muscle artifact	0.99	True	True	0.001	0.99	0.007	0.0	0.0	0.0	0.001
014	21	muscle artifact	0.907	True	True	0.032	0.907	0.006	0.008	0.001	0.007	0.04
014	22	eye blink	0.643	False	False	0.038	0.182	0.643	0.002	0.009	0.003	0.123
014	23	other	0.672	False	False	0.087	0.051	0.004	0.052	0.021	0.113	0.672
014	24	muscle artifact	0.346	False	False	0.075	0.346	0.104	0.001	0.142	0.043	0.29
014	25	brain	0.51	False	False	0.51	0.004	0.02	0.001	0.005	0.005	0.455
014	26	brain	0.632	False	False	0.632	0.201	0.004	0.005	0.025	0.012	0.12
014	27	muscle artifact	0.873	True	True	0.059	0.873	0.003	0.002	0.004	0.014	0.045
014	28	muscle artifact	0.999	True	True	0.0	0.999	0.0	0.0	0.0	0.0	0.0
014	29	other	0.383	False	False	0.032	0.21	0.33	0.001	0.004	0.04	0.383
014	30	other	0.445	False	False	0.054	0.307	0.125	0.005	0.003	0.061	0.445
014	31	muscle artifact	0.994	True	True	0.001	0.994	0.002	0.0	0.0	0.0	0.002
014	32	other	0.506	False	False	0.332	0.009	0.152	0.0	0.0	0.001	0.506
014	33	other	0.708	False	False	0.204	0.006	0.008	0.0	0.002	0.072	0.708
014	34	eye blink	0.517	False	False	0.085	0.004	0.517	0.0	0.003	0.144	0.246
014	35	other	0.645	False	False	0.097	0.007	0.115	0.001	0.001	0.134	0.645
014	36	brain	0.813	False	False	0.813	0.009	0.016	0.003	0.005	0.008	0.146
014	37	other	0.779	False	False	0.164	0.008	0.024	0.01	0.003	0.012	0.779
014	38	channel noise	0.832	True	True	0.107	0.018	0.004	0.004	0.001	0.832	0.033
014	39	brain	0.71	False	False	0.71	0.001	0.049	0.021	0.028	0.004	0.187
014	40	muscle artifact	0.346	False	False	0.195	0.346	0.042	0.006	0.002	0.131	0.279
014	41	channel noise	0.789	False	True	0.023	0.093	0.001	0.002	0.0	0.789	0.091
014	42	brain	0.912	False	False	0.912	0.002	0.002	0.0	0.013	0.01	0.06
014	43	other	0.552	False	False	0.115	0.067	0.025	0.005	0.016	0.22	0.552
014	44	other	0.42	False	False	0.279	0.022	0.127	0.0	0.002	0.15	0.42
014	45	brain	0.938	False	False	0.938	0.004	0.004	0.008	0.002	0.001	0.043
014	46	other	0.53	False	False	0.438	0.012	0.004	0.001	0.008	0.008	0.53
014	47	channel noise	0.863	True	True	0.073	0.009	0.007	0.002	0.009	0.863	0.038
014	48	other	0.92	False	False	0.067	0.002	0.001	0.0	0.008	0.003	0.92
014	49	other	0.705	False	False	0.288	0.002	0.0	0.001	0.003	0.001	0.705
014	50	brain	0.954	False	False	0.954	0.009	0.001	0.001	0.001	0.001	0.034
014	51	brain	0.768	False	False	0.768	0.009	0.005	0.002	0.018	0.135	0.064
014	52	channel noise	0.666	False	False	0.05	0.027	0.052	0.012	0.004	0.666	0.19
014	53	channel noise	0.732	False	False	0.061	0.012	0.01	0.069	0.002	0.732	0.115
014	54	channel noise	0.792	False	True	0.089	0.003	0.018	0.004	0.005	0.792	0.088
014	55	channel noise	0.672	False	False	0.264	0.002	0.001	0.001	0.001	0.672	0.059
014	56	brain	0.849	False	False	0.849	0.025	0.003	0.001	0.107	0.002	0.014
014	57	muscle artifact	0.642	False	False	0.174	0.642	0.005	0.005	0.001	0.0	0.174
014	58	other	0.555	False	False	0.036	0.397	0.0	0.0	0.011	0.0	0.555
014	59	other	0.794	False	False	0.026	0.128	0.001	0.0	0.046	0.004	0.794
015	0	eye blink	0.997	True	True	0.001	0.0	0.997	0.0	0.0	0.0	0.002
015	1	eye blink	1.0	True	True	0.0	0.0	1.0	0.0	0.0	0.0	0.0
015	2	brain	0.814	False	False	0.814	0.002	0.001	0.007	0.03	0.008	0.14
015	3	brain	0.993	False	False	0.993	0.0	0.0	0.0	0.001	0.0	0.005
015	4	brain	0.995	False	False	0.995	0.0	0.0	0.0	0.001	0.0	0.003
015	5	brain	0.953	False	False	0.953	0.0	0.003	0.0	0.003	0.0	0.04
015	6	brain	0.997	False	False	0.997	0.0	0.0	0.0	0.001	0.0	0.002
015	7	brain	0.999	False	False	0.999	0.0	0.0	0.0	0.0	0.0	0.001
015	8	muscle artifact	0.976	True	True	0.013	0.976	0.004	0.0	0.002	0.001	0.004
015	9	other	0.544	False	False	0.178	0.226	0.007	0.001	0.009	0.035	0.544
015	10	muscle artifact	0.651	False	False	0.064	0.651	0.009	0.006	0.007	0.002	0.26
015	11	muscle artifact	0.593	False	False	0.072	0.593	0.063	0.002	0.006	0.003	0.261
015	12	brain	0.498	False	False	0.498	0.038	0.047	0.002	0.006	0.058	0.35
015	13	other	0.691	False	False	0.182	0.035	0.056	0.006	0.009	0.021	0.691
015	14	brain	0.986	False	False	0.986	0.0	0.0	0.0	0.001	0.0	0.013
015	15	muscle artifact	0.986	True	True	0.001	0.986	0.008	0.0	0.0	0.0	0.004
015	16	brain	0.399	False	False	0.399	0.345	0.072	0.001	0.004	0.006	0.173
015	17	brain	0.99	False	False	0.99	0.001	0.0	0.0	0.0	0.0	0.008
015	18	muscle artifact	0.875	True	True	0.001	0.875	0.119	0.0	0.0	0.001	0.003
015	19	muscle artifact	0.857	True	True	0.029	0.857	0.012	0.002	0.002	0.039	0.059
015	20	muscle artifact	0.401	False	False	0.279	0.401	0.029	0.006	0.015	0.038	0.233
015	21	other	0.807	False	False	0.123	0.037	0.008	0.002	0.011	0.011	0.807
015	22	other	0.38	False	False	0.319	0.169	0.071	0.011	0.018	0.032	0.38
015	23	eye blink	0.638	False	False	0.027	0.271	0.638	0.0	0.003	0.01	0.051
015	24	muscle artifact	0.808	True	True	0.034	0.808	0.07	0.002	0.001	0.003	0.082
015	25	muscle artifact	0.541	False	False	0.349	0.541	0.034	0.001	0.001	0.024	0.051
015	26	muscle artifact	0.584	False	False	0.041	0.584	0.007	0.005	0.006	0.004	0.353
015	27	brain	0.835	False	False	0.835	0.013	0.006	0.001	0.008	0.007	0.129
015	28	muscle artifact	0.991	True	True	0.001	0.991	0.0	0.0	0.0	0.004	0.004
015	29	brain	0.868	False	False	0.868	0.002	0.003	0.001	0.002	0.002	0.121
015	30	other	0.867	False	False	0.052	0.031	0.033	0.001	0.003	0.013	0.867
015	31	other	0.549	False	False	0.343	0.043	0.048	0.001	0.004	0.012	0.549
015	32	other	0.492	False	False	0.334	0.099	0.004	0.001	0.025	0.045	0.492
015	33	muscle artifact	0.56	False	False	0.107	0.56	0.027	0.004	0.004	0.193	0.105
015	34	other	0.912	False	False	0.019	0.005	0.056	0.0	0.004	0.004	0.912
015	35	other	0.517	False	False	0.39	0.018	0.014	0.002	0.037	0.022	0.517
015	36	other	0.542	False	False	0.047	0.062	0.003	0.01	0.005	0.332	0.542
015	37	other	0.328	False	False	0.225	0.137	0.015	0.015	0.005	0.275	0.328
015	38	brain	0.636	False	False	0.636	0.003	0.01	0.004	0.005	0.008	0.334
015	39	other	0.334	False	False	0.162	0.236	0.094	0.001	0.017	0.156	0.334
015	40	brain	0.839	False	False	0.839	0.021	0.005	0.004	0.013	0.013	0.106
015	41	brain	0.428	False	False	0.428	0.036	0.029	0.006	0.004	0.092	0.404
015	42	eye blink	0.336	False	False	0.107	0.274	0.336	0.002	0.003	0.003	0.275
015	43	muscle artifact	0.538	False	False	0.178	0.538	0.058	0.006	0.011	0.104	0.105
015	44	other	0.689	False	False	0.129	0.053	0.02	0.006	0.012	0.091	0.689
015	45	other	0.864	False	False	0.07	0.002	0.014	0.003	0.017	0.029	0.864
015	46	brain	0.859	False	False	0.859	0.003	0.01	0.002	0.009	0.061	0.055
015	47	other	0.637	False	False	0.219	0.053	0.029	0.001	0.004	0.058	0.637
015	48	brain	0.831	False	False	0.831	0.016	0.039	0.006	0.007	0.013	0.088
015	49	other	0.931	False	False	0.033	0.016	0.006	0.002	0.008	0.003	0.931
015	50	other	0.97	False	False	0.021	0.0	0.001	0.002	0.002	0.004	0.97
015	51	other	0.551	False	False	0.431	0.003	0.003	0.001	0.005	0.006	0.551
015	52	channel noise	0.595	False	False	0.087	0.021	0.085	0.001	0.001	0.595	0.21
015	53	brain	0.598	False	False	0.598	0.01	0.001	0.001	0.02	0.34	0.03
015	54	brain	0.853	False	False	0.853	0.004	0.001	0.001	0.002	0.001	0.139
015	55	brain	0.998	False	False	0.998	0.0	0.0	0.0	0.0	0.0	0.001
015	56	other	0.673	False	False	0.221	0.014	0.01	0.009	0.017	0.055	0.673
015	57	channel noise	0.441	False	False	0.409	0.044	0.005	0.002	0.011	0.441	0.09
015	58	brain	0.911	False	False	0.911	0.003	0.002	0.001	0.005	0.008	0.07
015	59	other	0.726	False	False	0.121	0.011	0.005	0.02	0.003	0.115	0.726
015	60	brain	0.427	False	False	0.427	0.013	0.003	0.003	0.004	0.417	0.134
016	0	eye blink	0.998	True	True	0.0	0.0	0.998	0.0	0.0	0.0	0.001
016	1	eye blink	1.0	True	True	0.0	0.0	1.0	0.0	0.0	0.0	0.0
016	2	brain	0.991	False	False	0.991	0.0	0.0	0.0	0.001	0.0	0.007
016	3	muscle artifact	0.855	True	True	0.011	0.855	0.03	0.004	0.002	0.057	0.042
016	4	brain	0.996	False	False	0.996	0.0	0.0	0.0	0.0	0.0	0.003
016	5	brain	0.997	False	False	0.997	0.0	0.001	0.0	0.001	0.0	0.001
016	6	brain	0.999	False	False	0.999	0.0	0.0	0.0	0.0	0.0	0.001
016	7	other	0.472	False	True	0.331	0.089	0.061	0.004	0.007	0.035	0.472
016	8	brain	0.538	False	False	0.538	0.013	0.062	0.002	0.003	0.013	0.37
016	9	channel noise	0.61	False	False	0.146	0.124	0.022	0.0	0.001	0.61	0.097
016	10	muscle artifact	0.441	False	False	0.061	0.441	0.031	0.022	0.003	0.325	0.117
016	11	muscle artifact	0.547	False	False	0.093	0.547	0.204	0.038	0.009	0.072	0.036
016	12	other	0.411	False	False	0.149	0.139	0.06	0.006	0.003	0.231	0.411
016	13	brain	0.981	False	False	0.981	0.0	0.0	0.0	0.002	0.0	0.016
016	14	other	0.616	False	False	0.201	0.084	0.039	0.01	0.011	0.04	0.616
016	15	brain	0.987	False	False	0.987	0.006	0.0	0.001	0.001	0.001	0.004
016	16	channel noise	0.415	False	False	0.137	0.102	0.068	0.018	0.014	0.415	0.247
016	17	brain	0.974	False	False	0.974	0.001	0.003	0.0	0.002	0.0	0.019
016	18	channel noise	0.57	False	False	0.026	0.088	0.038	0.003	0.001	0.57	0.275
016	19	eye blink	0.672	False	False	0.011	0.087	0.672	0.001	0.0	0.079	0.15
016	20	channel noise	0.32	False	False	0.148	0.302	0.034	0.017	0.009	0.32	0.17
016	21	eye blink	0.884	True	True	0.009	0.02	0.884	0.0	0.0	0.023	0.063
016	22	brain	0.801	False	False	0.801	0.046	0.02	0.001	0.011	0.031	0.089
016	23	other	0.452	False	False	0.087	0.311	0.024	0.006	0.003	0.118	0.452
016	24	eye blink	0.513	False	False	0.248	0.035	0.513	0.003	0.002	0.005	0.194
016	25	muscle artifact	0.53	False	False	0.055	0.53	0.04	0.001	0.002	0.154	0.219
016	26	other	0.686	False	False	0.2	0.05	0.008	0.009	0.023	0.025	0.686
016	27	other	0.646	False	False	0.094	0.106	0.076	0.002	0.003	0.073	0.646
016	28	brain	0.997	False	False	0.997	0.0	0.0	0.0	0.0	0.0	0.002
016	29	muscle artifact	0.33	False	False	0.088	0.33	0.038	0.004	0.003	0.216	0.322
016	30	brain	0.73	False	False	0.73	0.001	0.001	0.001	0.005	0.001	0.26
016	31	brain	0.572	False	False	0.572	0.052	0.009	0.004	0.02	0.046	0.297
016	32	channel noise	0.973	True	True	0.007	0.013	0.002	0.001	0.0	0.973	0.004
016	33	other	0.534	False	False	0.321	0.009	0.043	0.011	0.007	0.075	0.534
016	34	muscle artifact	0.882	True	True	0.019	0.882	0.06	0.0	0.002	0.001	0.037
016	35	other	0.7	False	False	0.087	0.132	0.073	0.002	0.001	0.005	0.7
016	36	brain	0.526	False	False	0.526	0.032	0.007	0.002	0.015	0.024	0.395
016	37	channel noise	0.718	False	False	0.05	0.083	0.011	0.009	0.002	0.718	0.127
016	38	brain	0.447	False	False	0.447	0.007	0.01	0.009	0.021	0.072	0.434
016	39	brain	0.615	False	False	0.615	0.041	0.091	0.002	0.016	0.143	0.093
016	40	other	0.592	False	False	0.184	0.091	0.046	0.003	0.012	0.071	0.592
016	41	channel noise	0.351	False	False	0.242	0.034	0.101	0.05	0.021	0.351	0.2
016	42	other	0.324	False	False	0.2	0.291	0.03	0.012	0.038	0.106	0.324
016	43	brain	0.729	False	False	0.729	0.043	0.006	0.003	0.011	0.016	0.192
016	44	brain	0.59	False	False	0.59	0.024	0.042	0.001	0.006	0.057	0.279
016	45	brain	0.842	False	False	0.842	0.003	0.018	0.001	0.009	0.007	0.119
016	46	brain	0.5	False	False	0.5	0.004	0.002	0.004	0.009	0.108	0.372
016	47	channel noise	0.356	False	False	0.265	0.043	0.08	0.001	0.002	0.356	0.252
016	48	brain	0.49	False	False	0.49	0.018	0.004	0.004	0.014	0.02	0.45
016	49	brain	0.79	False	False	0.79	0.003	0.026	0.013	0.021	0.031	0.116
016	50	brain	0.508	False	False	0.508	0.002	0.004	0.001	0.003	0.002	0.48
016	51	other	0.479	False	False	0.252	0.035	0.038	0.022	0.04	0.134	0.479
016	52	other	0.471	False	False	0.395	0.037	0.015	0.007	0.031	0.043	0.471
016	53	brain	0.973	False	False	0.973	0.002	0.002	0.0	0.006	0.001	0.016
016	54	brain	0.584	False	False	0.584	0.05	0.024	0.0	0.041	0.006	0.295
016	55	channel noise	0.461	False	False	0.053	0.029	0.179	0.001	0.002	0.461	0.276
016	56	brain	0.425	False	False	0.425	0.195	0.002	0.001	0.157	0.001	0.219
016	57	other	0.377	False	False	0.334	0.15	0.094	0.0	0.039	0.006	0.377
017	0	eye blink	1.0	True	True	0.0	0.0	1.0	0.0	0.0	0.0	0.0
017	1	eye blink	0.996	True	True	0.0	0.0	0.996	0.0	0.0	0.001	0.003
017	2	eye blink	0.865	True	True	0.011	0.005	0.865	0.003	0.001	0.044	0.07
017	3	muscle artifact	0.97	True	True	0.008	0.97	0.004	0.0	0.001	0.009	0.008
017	4	brain	0.989	False	False	0.989	0.0	0.0	0.0	0.001	0.0	0.01
017	5	brain	0.997	False	False	0.997	0.0	0.0	0.0	0.001	0.0	0.001
017	6	muscle artifact	0.952	True	True	0.006	0.952	0.006	0.005	0.002	0.001	0.028
017	7	muscle artifact	0.992	True	True	0.002	0.992	0.001	0.0	0.0	0.0	0.005
017	8	muscle artifact	0.9	True	True	0.04	0.9	0.001	0.0	0.001	0.004	0.053
017	9	brain	0.928	False	False	0.928	0.014	0.001	0.005	0.003	0.009	0.04
017	10	brain	0.966	False	False	0.966	0.0	0.001	0.004	0.002	0.001	0.026
017	11	muscle artifact	0.975	True	True	0.018	0.975	0.001	0.0	0.0	0.0	0.006
017	12	brain	1.0	False	False	1.0	0.0	0.0	0.0	0.0	0.0	0.0
017	13	brain	0.994	False	False	0.994	0.0	0.0	0.0	0.0	0.0	0.006
017	14	brain	0.564	False	False	0.564	0.147	0.007	0.0	0.02	0.006	0.256
017	15	muscle artifact	0.919	True	True	0.015	0.919	0.036	0.0	0.0	0.008	0.021
017	16	muscle artifact	0.978	True	True	0.004	0.978	0.002	0.0	0.0	0.012	0.003
017	17	brain	0.97	False	False	0.97	0.0	0.0	0.0	0.001	0.0	0.028
017	18	brain	0.926	False	False	0.926	0.0	0.0	0.0	0.007	0.0	0.067
017	19	muscle artifact	0.833	True	True	0.008	0.833	0.011	0.0	0.002	0.002	0.144
017	20	brain	0.595	False	False	0.595	0.054	0.044	0.002	0.005	0.004	0.297
017	21	muscle artifact	0.977	True	True	0.001	0.977	0.0	0.0	0.0	0.004	0.019
017	22	muscle artifact	0.94	True	True	0.05	0.94	0.002	0.0	0.001	0.001	0.006
017	23	muscle artifact	0.784	False	False	0.058	0.784	0.002	0.0	0.001	0.041	0.114
017	24	muscle artifact	0.914	True	True	0.043	0.914	0.02	0.001	0.005	0.001	0.017
017	25	muscle artifact	0.394	False	False	0.249	0.394	0.005	0.001	0.003	0.004	0.345
017	26	muscle artifact	0.603	False	False	0.019	0.603	0.283	0.0	0.0	0.041	0.053
017	27	brain	0.991	False	False	0.991	0.0	0.0	0.0	0.001	0.0	0.007
017	28	brain	0.978	False	False	0.978	0.0	0.0	0.0	0.001	0.0	0.02
017	29	muscle artifact	0.946	True	True	0.002	0.946	0.035	0.0	0.0	0.006	0.011
017	30	eye blink	0.827	True	True	0.011	0.117	0.827	0.001	0.001	0.021	0.022
017	31	muscle artifact	0.828	True	True	0.104	0.828	0.022	0.001	0.007	0.002	0.037
017	32	brain	0.898	False	False	0.898	0.003	0.014	0.002	0.006	0.003	0.074
017	33	brain	0.931	False	False	0.931	0.001	0.002	0.0	0.002	0.0	0.065
017	34	other	0.296	False	False	0.239	0.037	0.232	0.004	0.011	0.181	0.296
017	35	brain	0.656	False	False	0.656	0.006	0.003	0.019	0.008	0.001	0.307
017	36	eye blink	0.642	False	False	0.109	0.016	0.642	0.001	0.005	0.019	0.207
017	37	brain	0.647	False	False	0.647	0.003	0.025	0.071	0.014	0.021	0.218
017	38	channel noise	0.369	False	False	0.083	0.366	0.033	0.01	0.011	0.369	0.129
017	39	other	0.731	False	False	0.094	0.032	0.03	0.009	0.001	0.104	0.731
017	40	other	0.683	False	False	0.219	0.007	0.016	0.003	0.057	0.014	0.683
017	41	brain	0.886	False	False	0.886	0.004	0.003	0.003	0.003	0.0	0.101
017	42	brain	0.895	False	False	0.895	0.001	0.003	0.002	0.007	0.005	0.087
017	43	other	0.691	False	False	0.168	0.09	0.019	0.002	0.002	0.028	0.691
017	44	brain	0.528	False	False	0.528	0.04	0.045	0.041	0.011	0.004	0.331
017	45	brain	0.791	False	False	0.791	0.011	0.008	0.003	0.003	0.056	0.129
017	46	other	0.581	False	False	0.233	0.07	0.011	0.002	0.005	0.099	0.581
017	47	brain	0.894	False	False	0.894	0.004	0.003	0.0	0.001	0.017	0.082
017	48	brain	0.945	False	False	0.945	0.001	0.004	0.0	0.003	0.0	0.046
017	49	brain	0.859	False	False	0.859	0.001	0.0	0.002	0.003	0.0	0.134
017	50	brain	0.68	False	False	0.68	0.002	0.001	0.024	0.012	0.002	0.279
017	51	other	0.602	False	False	0.388	0.005	0.001	0.001	0.002	0.002	0.602
017	52	brain	0.718	False	False	0.718	0.041	0.004	0.003	0.018	0.007	0.209
017	53	other	0.695	False	False	0.279	0.011	0.004	0.001	0.003	0.006	0.695
017	54	other	0.747	False	False	0.182	0.046	0.009	0.006	0.009	0.001	0.747
017	55	brain	0.436	False	False	0.436	0.003	0.001	0.022	0.075	0.346	0.117
017	56	brain	0.474	False	False	0.474	0.021	0.049	0.009	0.01	0.374	0.064
017	57	brain	0.972	False	False	0.972	0.002	0.001	0.001	0.006	0.011	0.007
