subject	candidate_windows	retained_windows	rejected_windows	rejected_percent	retained_minutes	components	proposed_exclusions	current_status_bad	manual_decisions	brain_labels	other_labels	fit_seconds	stored_n_iter	unmixing_condition	max_retained_ptp_uv	p95_retained_ptp_uv	retained_windows_above_500uv	reference_residual_v	proposed_muscle_artifact	proposed_eye_blink	proposed_heart_beat	proposed_line_noise	proposed_channel_noise
001	904	817	87	9.623893805309736	54.46666666666667	60	28	29	1	19	7	528.9	500	72.00631358054852	311.03637602492904	228.25117567976028	0	1.38857860205623e-20	23	3	1	0	1
002	700	449	251	35.857142857142854	29.933333333333334	57	9	10	1	25	17	103.4	500	63.27427009999821	496.234937856372	403.3788688245866	0	2.2431769085906988e-20	7	2	0	0	0
003	623	617	6	0.9630818619582704	41.13333333333333	60	13	13	0	23	10	190.8	158	123.78286071926014	916.6459318472843	505.6085345269232	34	2.0439877022267705e-20	9	2	0	0	2
004	666	452	214	32.13213213213213	30.133333333333333	59	12	13	1	15	16	754.3	500	121.45330749856244	753.3438091728824	374.1799629596076	1	1.8973538018496326e-20	7	3	0	0	2
005	704	365	339	48.15340909090909	24.333333333333332	57	7	7	0	24	18	912.1	500	76.29542626290876	398.176177119403	269.7423791025223	0	1.401985567869187e-20	5	2	0	0	0
006	798	767	31	3.884711779448624	51.13333333333333	60	21	22	1	22	7	3623.2	500	86.81613519018407	433.12913402047263	266.3879364429431	0	1.5107735190371782e-20	19	2	0	0	0
007	683	576	107	15.666178623718885	38.4	58	4	5	1	25	18	323.4	500	111.26885153100429	611.8815904128411	311.149723930459	1	1.6538677207406e-20	1	3	0	0	0
008	683	641	42	6.149341142020493	42.733333333333334	56	5	7	2	21	16	2769.4	500	129.04795469306163	1641.4473223164994	283.86386067368585	6	3.481751220029519e-20	2	3	0	0	0
009	706	567	139	19.68838526912181	37.8	60	10	11	1	23	20	2938.9	500	85.46065844023155	625.4487592928983	207.08612388392638	1	1.5218821478536282e-20	7	3	0	0	0
010	656	633	23	3.5060975609756073	42.2	62	5	7	2	33	12	3296.1	500	99.8035453245333	532.1931442361035	296.20327833063845	2	1.807003620809174e-20	2	3	0	0	0
011	659	579	80	12.139605462822455	38.6	58	6	8	2	18	21	2634.0	500	79.45701857670018	691.8028547433818	260.8564878463055	1	1.3782231006171666e-20	1	4	0	0	1
012	563	517	46	8.170515097690945	34.46666666666667	58	5	5	0	26	18	276.1	500	72.83436303852356	777.8972146399158	215.16389708703255	3	1.6940658945086007e-20	1	4	0	0	0
013	616	536	80	12.987012987012992	35.733333333333334	61	6	6	0	34	11	152.1	500	70.24671566264922	399.72463109487	248.91291365777272	0	1.704995351892527e-20	2	2	0	0	2
014	674	406	268	39.76261127596439	27.066666666666666	60	16	18	2	16	15	1431.1	500	122.46159256467242	432.72502041488207	241.3156514701282	0	1.8662496411635732e-20	11	2	0	0	3
015	670	635	35	5.223880597014929	42.333333333333336	61	8	8	0	22	20	180.6	500	34.56726882332238	701.7777690102514	281.619058819025	2	1.8361488404996445e-20	6	2	0	0	0
016	685	492	193	28.175182481751825	32.8	58	6	7	1	25	13	132.0	500	90.1373504734339	762.9279764386373	317.18600892574204	2	1.5619861806994556e-20	2	3	0	0	1
017	665	665	0	0.0	44.333333333333336	58	17	17	0	28	8	196.7	153	84.563751205769	2422.3195730612147	512.6296159219578	37	2.5726831211520445e-20	13	4	0	0	0
