subject	run	inferred_task	candidate_windows	retained_windows	rejected_percent
001	01	gambling	37	34	8.108108108108103
001	01	oddball	101	84	16.831683168316836
001	01	outside_inferred_tasks	64	48	25.0
001	01	task_boundary	4	2	50.0
001	02	gameplay	675	629	6.814814814814818
001	02	outside_inferred_tasks	22	19	13.636363636363635
001	02	task_boundary	1	1	0.0
002	01	oddball	99	57	42.42424242424242
002	01	outside_inferred_tasks	98	29	70.40816326530613
002	01	task_boundary	2	1	50.0
002	02	gameplay	457	350	23.41356673960613
002	02	outside_inferred_tasks	42	11	73.80952380952381
002	02	task_boundary	2	1	50.0
003	01	oddball	101	101	0.0
003	01	outside_inferred_tasks	32	31	3.125
003	01	task_boundary	2	2	0.0
003	02	gameplay	474	469	1.0548523206751037
003	02	outside_inferred_tasks	13	13	0.0
003	02	task_boundary	1	1	0.0
004	01	gambling	41	33	19.512195121951216
004	01	oddball	100	94	6.000000000000005
004	01	outside_inferred_tasks	39	12	69.23076923076923
004	01	task_boundary	4	2	50.0
004	02	gameplay	453	304	32.89183222958057
004	02	outside_inferred_tasks	26	7	73.07692307692308
004	02	task_boundary	3	0	100.0
005	01	oddball	99	46	53.535353535353536
005	01	outside_inferred_tasks	102	20	80.3921568627451
005	01	task_boundary	2	1	50.0
005	02	gameplay	457	287	37.19912472647703
005	02	outside_inferred_tasks	42	10	76.19047619047619
005	02	task_boundary	2	1	50.0
006	01	gambling	113	111	1.7699115044247815
006	01	oddball	100	98	2.0000000000000018
006	01	outside_inferred_tasks	66	56	15.151515151515149
006	01	task_boundary	8	7	12.5
006	02	gameplay	469	455	2.985074626865669
006	02	outside_inferred_tasks	41	39	4.878048780487809
006	02	task_boundary	1	1	0.0
007	01	gambling	34	32	5.882352941176472
007	01	oddball	102	90	11.764705882352944
007	01	outside_inferred_tasks	76	31	59.210526315789465
007	01	task_boundary	4	2	50.0
007	02	gameplay	461	419	9.110629067245124
007	02	outside_inferred_tasks	5	1	80.0
007	02	task_boundary	1	1	0.0
008	01	gambling	54	54	0.0
008	01	gameplay	1	1	0.0
008	01	oddball	100	99	1.0000000000000009
008	01	outside_inferred_tasks	60	54	9.999999999999998
008	01	task_boundary	5	4	19.999999999999996
008	02	gameplay	460	426	7.391304347826089
008	02	outside_inferred_tasks	2	2	0.0
008	02	task_boundary	1	1	0.0
009	01	gambling	37	32	13.513513513513509
009	01	oddball	100	53	47.0
009	01	outside_inferred_tasks	62	18	70.96774193548387
009	01	task_boundary	4	2	50.0
009	02	gameplay	480	451	6.041666666666668
009	02	outside_inferred_tasks	22	10	54.54545454545454
009	02	task_boundary	1	1	0.0
010	01	gambling	37	35	5.405405405405405
010	01	oddball	101	101	0.0
010	01	outside_inferred_tasks	41	31	24.390243902439025
010	01	task_boundary	4	1	75.0
010	02	gameplay	459	455	0.8714596949891074
010	02	outside_inferred_tasks	13	9	30.76923076923077
010	02	task_boundary	1	1	0.0
011	01	gambling	40	39	2.500000000000002
011	01	oddball	100	88	12.0
011	01	outside_inferred_tasks	28	13	53.57142857142857
011	01	task_boundary	4	3	25.0
011	02	gameplay	465	418	10.10752688172043
011	02	outside_inferred_tasks	21	18	14.28571428571429
011	02	task_boundary	1	0	100.0
012	01	gambling	46	37	19.565217391304344
012	01	oddball	101	101	0.0
012	01	outside_inferred_tasks	34	26	23.529411764705888
012	01	task_boundary	4	2	50.0
012	02	gameplay	351	334	4.843304843304841
012	02	outside_inferred_tasks	26	16	38.46153846153846
012	02	task_boundary	1	1	0.0
013	01	gambling	31	29	6.451612903225811
013	01	oddball	98	83	15.306122448979586
013	01	outside_inferred_tasks	19	8	57.89473684210527
013	01	task_boundary	4	2	50.0
013	02	gameplay	435	389	10.574712643678163
013	02	outside_inferred_tasks	26	22	15.384615384615385
013	02	task_boundary	3	3	0.0
014	01	gambling	33	4	87.87878787878788
014	01	oddball	101	75	25.742574257425744
014	01	outside_inferred_tasks	25	0	100.0
014	01	task_boundary	6	0	100.0
014	02	gameplay	489	326	33.333333333333336
014	02	outside_inferred_tasks	18	0	100.0
014	02	task_boundary	2	1	50.0
015	01	gambling	43	39	9.302325581395355
015	01	oddball	101	99	1.980198019801982
015	01	outside_inferred_tasks	33	28	15.151515151515149
015	01	task_boundary	4	4	0.0
015	02	gameplay	459	442	3.703703703703709
015	02	outside_inferred_tasks	29	22	24.13793103448276
015	02	task_boundary	1	1	0.0
016	01	gambling	36	24	33.333333333333336
016	01	oddball	98	89	9.183673469387754
016	01	outside_inferred_tasks	62	22	64.51612903225806
016	01	task_boundary	4	2	50.0
016	02	gameplay	461	343	25.59652928416486
016	02	outside_inferred_tasks	22	12	45.45454545454546
016	02	task_boundary	2	0	100.0
017	01	gambling	36	36	0.0
017	01	oddball	100	100	0.0
017	01	outside_inferred_tasks	49	49	0.0
017	01	task_boundary	4	4	0.0
017	02	gameplay	449	449	0.0
017	02	outside_inferred_tasks	26	26	0.0
017	02	task_boundary	1	1	0.0
