name	x	y	z
Fp1	-0.02613	0.0842762392557	0.0301354071242
Fz	-3.71925232901e-18	0.0707847368471	0.0953025197099
F3	-0.0482	0.0656217054652	0.0761377784659
F7	-0.06842	0.0531716182207	0.0298026154943
FT9	-0.07008	0.0232250823378	-0.00192008755283
FC5	-0.07625	0.0353860976742	0.0634428140504
FC1	-0.03235	0.0438639755904	0.110253847857
C3	-0.06317	0.0100957512028	0.09889455555
T7	-0.08454	0.00342134690775	0.0335143542096
TP9	-0.07008	-0.0231339770423	0.00281252413542
CP5	-0.07625	-0.0218365009426	0.0692844411814
CP1	-0.03235	-0.0206805688856	0.116842943272
Pz	3.71925232901e-18	-0.0500671630134	0.10763980872
P3	-0.0482	-0.0488831815445	0.0878271262195
P7	-0.06842	-0.0460526861264	0.0399320294382
O1	-0.02613	-0.07644843099	0.0465431484193
Oz	5.20352424958e-18	-0.0804022717103	0.0491682662373
O2	0.02613	-0.07644843099	0.0465431484193
P4	0.04814	-0.0489109952687	0.0878500695572
P8	0.06838	-0.0461123759024	0.0399381229296
TP10	0.07008	-0.0231339770423	0.00281252413542
CP6	0.07625	-0.0218365009426	0.0692844411814
CP2	0.03235	-0.0206805688856	0.116842943272
Cz	2.75917917143e-34	0.0129525831082	0.12687911221
C4	0.06317	0.0100967667848	0.098904503846
T8	0.08454	0.00342134690775	0.0335143542096
FT10	0.07008	0.0232250823378	-0.00192008755283
FC6	0.07625	0.0353860976742	0.0634428140504
FC2	0.03235	0.0438639755904	0.110253847857
F4	0.04814	0.065653581517	0.0761546283122
F8	0.06838	0.0532313079967	0.0297965220028
Fp2	0.02613	0.0842762392557	0.0301354071242
AF7	-0.04971	0.0720496953326	0.0294133796333
AF3	-0.03148	0.0821938992454	0.055327137118
AFz	-4.83919182683e-18	0.0861202915879	0.0654306188532
F1	-0.02604	0.0694431126698	0.090333078638
F5	-0.06306	0.0599219785011	0.054866652202
FT7	-0.08041	0.0295303605199	0.0311907560946
FC3	-0.05927	0.040448819593	0.0913730637229
FCz	-2.0163809548e-18	0.0450379754639	0.116929132442
C1	-0.03454	0.0122081615701	0.119587011239
C5	-0.08083	0.00699010173018	0.0684726663688
TP7	-0.08041	-0.0226186071347	0.0365144364529
CP3	-0.05927	-0.0211510292657	0.0976615468932
P1	-0.02604	-0.0497573700539	0.102501781052
P5	-0.06306	-0.0475992047135	0.0658430614566
PO7	-0.04971	-0.0646199951747	0.0433654438765
PO3	-0.03148	-0.0693186489003	0.0707944495669
POz	4.83919182683e-18	-0.0711224750563	0.0814829064807
PO4	0.03148	-0.0693186489003	0.0707944495669
PO8	0.04967	-0.0646488244808	0.0433784389182
P6	0.06304	-0.0475811317623	0.0659216322427
P2	0.02603	-0.0497124989604	0.102547460204
CP4	0.05927	-0.0211510292657	0.0976615468932
TP8	0.08039	-0.0226882452067	0.0365215455263
C6	0.08083	0.00699010173018	0.0684726663688
C2	0.03461	0.0122051148244	0.119557166351
FC4	0.05927	0.040448819593	0.0913730637229
FT8	0.08041	0.0295303605199	0.0311907560946
F6	0.06304	0.0599201548604	0.0549472541519
F2	0.02603	0.0694083973953	0.0903868824456
AF4	0.03148	0.0821938992454	0.055327137118
AF8	0.04967	0.0720805558025	0.0294202811836
VEOG	0.03161	0.0610884035082	-0.0124800170008
HEOG	-0.05022	0.0557485963196	-0.00304895347705
