channel	x	y	z	ICA000	ICA001	ICA002	ICA003	ICA004	ICA005	ICA006	ICA007	ICA008	ICA009	ICA010	ICA011	ICA012	ICA013	ICA014	ICA015	ICA016	ICA017	ICA018	ICA019	ICA020	ICA021	ICA022	ICA023	ICA024	ICA025	ICA026	ICA027	ICA028	ICA029	ICA030	ICA031	ICA032	ICA033	ICA034	ICA035	ICA036	ICA037	ICA038	ICA039	ICA040	ICA041	ICA042	ICA043	ICA044	ICA045	ICA046	ICA047	ICA048	ICA049	ICA050	ICA051	ICA052	ICA053	ICA054	ICA055	ICA056	ICA057	ICA058
Fp1	-0.02613000012934208	0.08077999949455261	-0.004000000189989805	-0.32744943717374864	2.0106337264694245	-0.23215651027799025	-0.3326989904888049	-0.019787789560883423	-0.25721346852928684	0.14240868438835338	0.04799792357186323	0.0831932761662544	-0.13144776329000823	0.09105444450672737	-0.02682415278605926	-0.015549488900621532	0.06676723168343768	-0.10034573783995021	-0.03500629666068611	0.030134801935401183	-0.07417896546586861	0.046283999718666605	-0.020392628130485677	-0.02777709725372246	-0.03060097120467014	-0.09780402526991201	0.023633896424427956	0.004310805943772213	0.0392970833829851	-0.007330894655005016	-0.01891882207698901	0.35560294058136727	0.02524049408962915	-0.12482242133170214	0.013179460462942522	0.004346253854824382	0.02406377087370828	0.02158226266517457	0.08650326914626956	0.017134767471841145	-0.008274561507429735	0.08951535535214605	-0.00010121594867399538	-0.016680970486218312	-8.763048569610018e-06	-0.04266236730334554	0.008205976931458787	0.08355369157671376	0.01827731214409685	0.01702849649074887	-0.05681270056832921	0.02861551724027142	0.0930321083145656	0.01625818312578151	-0.050436103929132746	0.008378666922648503	-0.046242997291833426	-0.020559580760825112	-0.01949927511844321	0.014092016581603908	-0.014423185547363576	0.0071083014718526655
Fz	0.0	0.06074000149965286	0.059459999203681946	0.029464991529072206	0.2286993491279544	-0.052139744742330255	-0.5865090791001336	0.32620931339544146	0.024214960959299377	0.13304708658277367	0.11057834479592571	0.3032502157129631	-0.07276513057582229	0.006897358733047028	-0.02538592511950224	-0.02289709949075931	0.06256023043587122	-0.16101983222081998	0.01534746983417988	0.04818056427451434	-0.07604349723925077	0.08802678598792715	-0.0254838266728911	0.04905346870640542	-0.030346849270805984	-0.06072531212160157	0.057617233128713106	-0.04145328759452572	-0.08909375247995432	0.02399957483629324	0.06224435255513132	0.0013105741617529434	0.02845261385223219	-0.005473147475783311	0.007390106852764677	0.028392365688759198	0.02045277562359552	0.0022854850866861486	0.029692042804046356	0.03603772510218663	-0.010629359581101276	-0.07690636014393494	0.0045990621065842745	-0.006585923553336748	-0.0026166793214272726	-0.017506132196913913	0.03974222537583797	0.019626752281303336	0.00021355825739600997	-0.01267924389756524	-0.021622813934343663	0.011750383137133363	0.04207554299447288	-0.010929283921385532	-0.010121103687354924	-0.034358653940694706	-0.025096770659350186	0.004816203928451186	-0.016330893431756	0.0146663513435243	-0.029501707537416776	-0.00998118915187227
F3	-0.04820000007748604	0.05754999816417694	0.0398700013756752	-0.4390062104340989	0.25730671826140383	-0.3424351641190931	-0.3474885892484236	0.19645467270121794	-0.0659668878039706	0.1490976736214498	0.09639486397495821	0.13079539918291314	-0.1317249003508534	-0.0499127806014908	-0.02414757993735715	-0.029500616737423765	0.06188435730594487	-0.38097196618738377	0.009554846340669575	0.06648019742037267	-0.02689816526149734	0.04869694532835693	0.0051809664605893405	0.06350662151841624	-0.02312642962707079	-0.1357277387916028	0.0670197994592612	-0.027786401437379933	0.027503324067577377	-0.007709697884953454	-0.06891431030154394	0.01627012102027267	0.057264124108819134	0.010310959932476401	0.010551091089418714	0.09398821528422308	0.05307668527645108	0.02821077764183091	0.05290390205165455	0.044494499767402405	-0.01725530486164028	-0.11412003057039398	-0.007558592983240851	-0.0028743280100631337	-0.02776737759380761	-0.05072237391036329	0.01901475313389432	0.010813207812992722	0.024803869880578224	-0.014691893616022593	-0.05809796572079033	0.010325903694849476	0.05596348246275323	0.0014061284302636188	-0.054046867742580655	-0.01612355232864523	-0.038779630106769	-0.0111425764385735	-0.0541499112774465	-0.0024188591014924835	-0.029155299823522298	-0.003604846925321195
F7	-0.06842000037431717	0.049869999289512634	-0.00749000022187829	-1.5881146770536525	0.35305824457386414	-0.6065657047912177	0.1448647009080583	-0.16684745926411426	-0.5277612049502068	0.10608826722236576	-0.2695747024369155	0.027369351477842148	-0.1797947691796727	0.050926672951592526	-0.01099558143784069	-0.027585847483555852	0.09343188936352395	-0.14086680745010868	-0.0372525011078116	0.0396340740093118	-0.006729576876610355	0.04032904706427984	-0.11825313183219963	-0.0260184359226335	-0.06064251829659483	-0.07629263351694256	0.053909308130367754	0.020078538518021362	-0.011428489321711074	-0.23901199775061951	0.0035921573158555794	0.09357488165766822	0.21172206286968803	0.0029960598651653132	0.035574545670311764	-0.11867309736009617	0.08055955482117785	0.08610219860375777	0.06657178119066554	0.05450383824707963	-0.01997618516213489	0.0677553703325209	-0.06812376981898934	6.434890412910244e-05	0.24152967174526116	-0.04200034436392535	0.030803507015450895	-0.04850523904404029	-0.015965388583380227	-0.029579790009882475	-0.09981591190244656	-0.012545220957605652	0.03683987384901644	0.024286939782004864	-0.03314931718230795	0.02784645960566419	-0.044328497828626356	-0.010316315447731093	-0.030467983864771883	-0.03411207394462767	-0.01979915143067228	0.0014431353545174413
FT9	-0.0700799971818924	0.02329999953508377	-0.042089998722076416	-1.242770564516067	-0.46373691512731724	-0.7427652847597878	0.3515732386612178	-0.37884963463005733	-0.5575566770651287	-0.07059367552684007	-0.41215602592935335	-0.12039048004769148	-0.17433587903101286	0.1665791338837851	-0.018978447891576766	-0.0229542703615282	0.05982830873700354	0.1071732316483138	-0.1482777937258019	0.06445194805392437	-0.033752684778715264	0.004820724943707276	-0.051482270574697966	-0.6937513396009285	-0.06977296109233148	0.10818604419880568	-0.02820190630926437	-0.05319499321518042	0.06711170450547163	-0.0324122707391871	-0.0015838005900381076	0.026939943189488322	0.035965709696033625	-0.05986727802009082	0.01306474655965644	-0.07366040235004556	0.04734669469085765	0.028844958498424354	0.06066950858177357	0.023128825086278136	-0.029166737796041783	0.047779944420009726	0.09894708183207145	0.02426856955675929	0.0008805619094515861	0.0197791845318293	0.03660367840879264	-0.03448766754758823	-0.05514630778182622	0.006775454311694599	-0.05318496521550319	0.009714400479737562	-0.021298345962988047	0.051601157661026575	0.004043487770880483	0.061890458534853594	-0.0064708280310758004	-0.024185799869721716	-0.01266296224746628	-0.022308030553552016	-0.015194712036951833	0.010111285058251563
FC5	-0.07625000178813934	0.028759999200701714	0.024170000106096268	-0.8232742958487744	-0.029592692358543594	-0.5784631999787534	0.12465417865661806	-0.01866074255483049	-0.14458851453205562	0.12291895657551748	0.006397411752292513	0.015754941030435177	-0.15076974084102765	-0.015044286199883126	-0.026394294011853933	-0.03259623770646766	0.06779366312279324	-0.13137877466151737	-0.01076212449049975	0.05651166015181278	0.04465057852343718	0.02662021029258801	-0.023702739334666316	0.027485592301815746	0.0006675548888740372	-0.04983018621349893	0.028826965771858972	-0.016040191111090524	-0.04489966671013679	-0.08619603544307544	-1.7884004941266885e-05	0.02474194098145395	0.08336348091292779	-0.01167679718566662	0.014227311630583047	0.3774664406499191	0.04796896577000231	0.038930232081973146	0.03181067584396362	0.08328942397000408	-0.01613486265058698	-0.024387757000556464	0.06367222097226044	0.012352517742600464	0.08228258348586424	-0.01627301785506604	0.03155491055027627	-0.015527706325796468	0.034313410437357514	-0.0008702735525965466	-0.0502760160614121	0.0008141202868217955	0.029460942111315145	-0.002098728209728581	-0.016311709789102288	0.01061087313154402	-0.011837650195604562	-0.008002060778876961	-0.02776919851227165	-0.012289218223620599	-0.007594353167340091	-0.006948970106698619
FC1	-0.032349999994039536	0.03243999928236008	0.07159999758005142	-0.2146079274654492	-0.04137913782375902	-0.06288032482768859	-0.2562895895785958	0.4691680765133927	0.152045223190672	0.0933969988039765	0.12052221805867747	0.14148501529790475	-0.14074736674887897	-0.10413661513718785	-0.029398384261408655	-0.01697991691545093	0.05360549568058018	-0.23107384804882736	0.03701201585045085	0.06268229297780209	-0.07212586456166271	0.06377124788482622	0.003668157009351736	0.03855070015913338	0.027490345137405853	-0.015124362510094408	0.03693049220291708	-0.029566824520411667	-0.18389045367867293	0.03921506033983675	-0.007447321483849474	-0.01215149821865201	0.04838851914966748	0.012479641417075044	0.006408174689084009	0.04582591005403123	0.040686766679057476	0.007050693390206094	0.06281977623139956	0.08697843656104823	-0.00997392871306827	-0.13260553759881685	-0.015380670651244783	0.004956807398933297	-0.004694828236237505	-0.016635613001959818	0.018483973174049262	0.0139829262950282	0.016389630336698068	-0.0056449630587411	-0.013065588102984962	0.010245670526497391	0.021219395944053178	-0.07228721568066344	-0.018138487962114574	-0.03883047276476519	-0.04383192888520682	-0.0074506611169418095	-0.0701010263685031	0.010989777383310893	-0.029003832196686903	-0.016533795696115364
C3	-0.06317000091075897	0.0	0.0568699985742569	-0.3739199455140123	-0.18482168069968177	-0.1979787558563404	0.08714383038370445	0.21673175814627282	0.18636146520053173	0.06001817142641467	0.11232735048677846	0.0038762750330131926	-0.14273416558582916	-0.12342325932065389	-0.03903706629627503	-0.005937713630935088	0.03975521739082128	-0.1329037414696044	0.04605459243120244	0.06579931034387677	0.059807252019749346	0.03720133770149679	0.00838641960227775	0.04287110700356299	0.14004906203284237	0.020812578337943047	0.013670513279459328	-0.007129449316031815	-0.14107669019560154	0.03879096916452526	-0.052578585546942974	-0.009953433222292168	0.049602353861773175	0.010825082341385706	0.008526108920120372	0.047743806190231115	0.03285837266943255	0.018462232873864032	-0.062258880078273106	0.11286484747613369	-0.002827939838787456	-0.057500810177484325	-0.025844979727319927	0.013563826054288627	0.004704284174077733	-0.004907354344433321	-0.024069271610936437	0.0014448094289785942	0.039732492516666607	0.0031191986521170267	0.005159784608136123	-0.000827015203994273	0.006203238397039639	-0.027648229977128628	-0.017342972074812873	-0.04011699685217984	0.23069677459933377	-0.01373497817573952	-0.032764223444309765	0.008449665251404417	-0.01658361957980867	-0.018121315726756206
T7	-0.0845400020480156	0.0	-0.008849999867379665	-0.68389440964766	-0.33452626187503104	-0.72467536607395	0.3548791729956358	-0.23483666032024314	-0.04982688396503694	-0.029431185643400283	-0.06210941323757721	-0.1164694617493955	-0.1317433129097386	0.07933834153628039	-0.04166439773812714	-0.02024789820936219	0.054791319694798245	0.08236410423993226	-0.06657582104278158	0.06642649027330859	0.12891675241023545	-0.015861092138184558	-0.044955422947806356	-0.047887103480305324	0.0018676707006886751	0.09872224713684653	-0.009842996667635344	-0.02454720628510815	0.0654682124932629	0.008889135812847188	0.03163119254183931	0.01286263795857291	0.028387509357321247	-0.02879890519154594	-0.00760069950074631	-0.043871669224445665	0.05971243813670296	0.04833186368474214	0.01220496179388694	0.05025171711955823	0.06672854734311355	-0.005472407243102313	0.03954982948082084	0.024234074646998865	0.019642619041443838	0.011556002928025645	0.03481666953710867	-0.018782299230231756	-0.3409663120689005	0.01372029735170947	-0.016408715137175543	0.01391191500042501	-0.042763834490403316	0.024809283534109453	0.020132700023873473	0.03604356204963395	-0.006305738847562861	-0.015955320270349287	0.011847504138965447	-0.0029160776143654864	-0.0035247612753787944	-0.003078152667823235
TP9	-0.0700799971818924	-0.02329999953508377	-0.042089998722076416	-0.41335539934648646	-0.5658959208550249	-0.3246755848695042	0.3522478846351056	-0.4499781016053217	-0.13574795460052685	-0.3053911641517219	0.031999164396681934	-0.20253192815206028	-0.1848481893720906	0.2756585648067896	-0.021416631573319283	-0.0445347926048308	0.04597619035313781	0.10111373686573523	-0.8939666115310717	0.07666312204187997	-0.049145542461151305	-0.0641765808213774	0.009488269832305865	-0.04795943653412232	-0.03868768010473859	0.10295131502073852	-0.08678240107797243	-0.05195960754742909	0.009179204347727428	0.044765517159876055	0.02273031950212889	0.012226326213663253	-0.034386200520869825	-0.03369675191799457	0.006953720125053344	-0.052853504964486354	0.01703891082768666	0.04329608982138418	-0.017037240021501476	-0.011255653772716775	-0.13220183151936862	-0.020000225618336188	-0.040572636222324945	0.018507095201449913	0.02168486911478633	0.01119398789383222	0.09506194020267192	-0.017377330718868197	8.970283284005441e-05	0.004955521446899236	0.008349144637669607	0.03670332184295726	-0.04589972686148105	0.007088000870600118	0.009741804676341576	0.09310965744295578	0.009852316042147173	-0.016149404549027024	-0.010399046779272357	-0.0029074961514733624	-0.008977692404562287	-0.005168865940936218
CP5	-0.07625000178813934	-0.028759999200701714	0.024170000106096268	-0.39657600491794887	-0.3164827954224595	-0.3837796393507938	0.29730871878620935	-0.1023903006908061	0.2069741915707296	-0.1131573644027065	0.10580191243975824	-0.11601210808234665	-0.11936610631324791	-0.007710304425311929	-0.047866462539265416	-0.0025579190551482884	0.0258342307529509	0.0014387097644708614	0.03318832969536651	0.06410143175725858	0.2531852564467988	-0.03290102727677294	-0.0194151783341951	0.0267788251058169	0.10431715485585263	0.05687141821208348	0.014472227034377443	0.004735177898479492	-0.06807471643413571	0.05109885639987928	0.07431146480175597	-0.006177310342874128	0.016315187330033423	0.004490330482322715	0.00387999855008826	-0.012948562886114241	0.027311161213893844	0.029628451863549798	-0.08365618788898492	-0.11606406212618203	0.0326052793325736	-0.014189727183821025	-0.04085023069373135	0.025156352050320747	0.009430741176937764	0.014032601427367003	0.029836968837533357	-0.0006999496360525018	0.02645362242842764	0.002022911214415599	0.016707726732371985	0.006361409888720673	0.02177190830905	-0.009834410221385228	0.022065934984495453	-0.002452661003078559	0.03427621000464159	-0.009411207609132714	-0.02860328420753288	0.016883945305314826	-0.0033908728884445073	-0.0013453707371836113
CP1	-0.032349999994039536	-0.03243999928236008	0.07159999758005142	-0.16457592036871052	-0.267735157450899	0.23335594655100353	0.08021427030069647	0.23944854626083364	0.25988754191192487	-0.14783377737751716	0.12429174799100516	-0.058571505072335904	-0.08983752565242628	-0.3136978591356554	-0.042354474297454474	0.0015278817988465538	0.007247132332328992	-0.015095214422704112	0.06215505802051747	0.04183816238102502	0.12437243553781033	0.0684808181331065	-0.002032323150783959	0.01876393206367897	0.31945916033603666	0.02180293570537013	0.029154459492844648	0.014362642700877686	-0.1315117626197101	0.056390971166045356	0.01049652327273255	-0.025786810654297235	0.020643058258864335	0.009569333665750664	0.005832614411202271	-0.0003077098576235305	-0.002402439017471892	0.011938836435187393	-0.07936050410687115	0.07400264491292886	-0.00740409652569185	-0.033800403923275185	-0.0012277631270221207	0.02243543137723518	-0.005912858402014786	0.006064051848645993	-0.04383073692126211	-0.0029232045928093806	0.009924952333968456	0.01329902193324302	0.02663222089376163	-0.011898352241014177	-0.012279878170817899	-0.02991891635430281	0.03594661374754156	-0.029200756612205805	0.002475736632289744	0.0029015683410577105	-0.027312103362365395	0.0047489289690009475	0.003244879141109872	-0.012336174778758494
Pz	0.0	-0.06074000149965286	0.059459999203681946	-0.07493070049303313	-0.3274070660283739	0.4525024990952116	0.10661581006135816	0.08351129777357053	0.2311944200051034	-0.3212095033319659	0.1306624832841498	-0.12058899717349318	0.029227577496212437	-0.5229744310562274	-0.04436146480174331	0.017288174466404817	-0.0636787560067155	0.05033537691850679	0.0674800452271905	-0.008565345122687156	0.11828056356664189	0.09081133489505777	-0.017506128216124447	0.012325906333194227	0.16124679631317151	0.0006929883062474256	0.01783574724100244	0.03980362107781776	-0.04256463606690703	0.057899363515809286	0.09900323488542988	-0.032624820604105494	-0.03540987854446614	-0.001011422576265473	0.0018202532623477403	-0.0156672452627627	-0.05283376344101957	0.007787230134008038	-0.1059020392267197	0.027439332909262086	-0.016112475993896872	0.018067713089561337	0.021443199258341265	0.03229435495524503	-0.015185415127525876	0.012491693418818388	-0.03207143585967034	-0.013474122446979651	-0.004260523161582761	0.028098153626288265	0.04324731502833177	-0.020933569002022083	-0.05626112469705448	-0.08008623661431608	0.06723402238233432	-0.0216863744341135	0.03304305714690009	0.017439977004384877	-0.009533966330765703	-0.002381648624227161	0.02833909634370824	-0.0028802216245513218
P3	-0.04820000007748604	-0.05754999816417694	0.0398700013756752	-0.19775790387276795	-0.34530908323743487	0.19154062311263426	0.18673098148892656	-0.02063024042563238	0.2714369288825661	-0.30963555789833497	0.12162160468271219	-0.1385335692887416	-0.1040613012425248	-0.2014210403202958	-0.04464703442776491	0.02808183118162931	-0.03115143736699969	0.010516601204636941	0.06940541478916368	0.03978277442044589	0.488842704581621	-0.0020653849776870892	0.00034959552651528375	0.013466650009795503	0.14366782081727272	0.04305511227890875	0.032765235070202015	0.07821506010817944	-0.04917372250881161	0.055233987520442826	-0.018073185783199476	-0.023484524429775708	0.011856601410894146	0.007236792698848999	0.004418552110827602	-0.006527762479252386	-0.01891183593314441	0.014005905572830244	-0.05426629310574838	0.06701399947620905	-0.0036685661705145125	-0.010415910315400432	0.0029459539969279263	0.0223011558053685	0.011159963878538612	0.00854890405520038	0.0059349967439272944	-0.006420075932791922	0.018179472047139416	0.01384427432523775	0.04201803848980642	-0.003995066672716053	-0.01692137268787365	-0.06783884908572312	0.023039182062372567	-0.009853298335543782	0.03449453953684832	-0.0023261667043062485	-0.007015548106749669	0.015290860187793073	0.012765592133046889	-0.016724010744260186
P7	-0.06842000037431717	-0.049869999289512634	-0.00749000022187829	-0.2868023255503438	-0.4274092166117695	-0.11605783961133917	0.3232269753877376	-0.3726078719745359	0.24914069837758143	-0.44386954870284545	0.03361089938033172	-0.20547129820767926	-0.16886147394668888	0.22844294349449829	-0.04927055472084968	0.008671873215128391	0.02388213334828159	0.058960645070631826	-0.013847599266657806	0.07333991662414849	0.11716646300236279	-0.1220507801592318	0.010145808910763585	-0.004409287454033935	0.000750654958187011	0.05387089242818793	0.046091187410733425	0.007873229908076845	0.03840767645916976	0.044473090839883433	0.047780897772669285	0.00760022009858377	0.0365518514988606	-0.00927753132908875	0.0020622105079090612	-0.024058368722494717	0.07314350604483702	0.06928749857407533	-0.07331501032490147	0.01109732841442431	0.07043346893900486	-0.006670242035256313	0.001184510801308328	0.029771936908583554	0.025224262623189157	0.017116238046802956	0.11412348000664649	-0.018686737119024018	-0.012847109807080008	0.009883225950082543	0.04327075235139037	0.019481488030990448	-0.04352658063286895	-0.029240699004279662	0.003923853072046286	0.06151205232816298	0.02323924866368067	0.008761648274467106	-0.022849740684809584	0.011561189214349383	0.001510452037792306	-0.023821263701084252
O1	-0.02613000012934208	-0.08077999949455261	-0.004000000189989805	-0.11451156347398674	-0.4457761779954631	0.25728592531822153	0.2003661002012021	-0.2935017330692212	0.2026735422223204	-0.46232523480298127	0.004477638957665909	-0.23081644695407755	-0.17124803706551112	0.07975128841164343	-0.01284311518674848	1.0167212486527863	-0.20458316430593318	0.10335804961211989	0.08200499305547192	-0.036441426287327494	0.11437074636246577	-0.07649368035347007	0.060756436221783325	0.04340232931484701	-0.027324050484082034	0.05852976145844084	0.006934969497718293	0.2925420566747786	0.10432806172997659	-0.13067323995763724	-0.012068827474481899	-0.0044273921618957005	-0.001971344939250408	0.014182808739283214	0.010177864552920968	-0.0031383571337763616	-0.11114469743927274	0.010407458484673492	-0.0327575524890204	-0.02197256295213876	-0.027754751072988273	-0.03989969996534234	0.013068370422221252	0.00970945806394751	-0.03023553560303147	-0.029169020232695287	0.0811453528560708	-0.06617731074586879	0.014830710651215525	0.0036447707037287258	0.06311752494095939	-0.03653412671779366	-0.024282041205951788	-0.05295662612162114	-0.02392141127128097	0.03512702315813735	0.0401436548254543	-0.014750184097098828	-0.011940867027617354	-0.012310287181730429	0.020749149553120207	-0.00924036689716375
O2	0.02613000012934208	-0.08077999949455261	-0.004000000189989805	0.0007971814362968028	-0.4258061436968475	0.356823159661484	0.15767757997695442	-0.18282885224454798	0.14927317491923103	-0.31330259547808054	0.011589095941895354	-0.19451416884011738	0.14670260896893247	-0.08754813295190708	0.003760419580706328	0.040271181367258026	-0.5710177972919307	0.09026170482016074	0.03364813210686436	-0.28770992309422133	0.0010300324801581818	-0.16353032586063498	0.017137983461558717	0.0036709336353174028	-0.027238777885994932	0.017547714439028084	-0.09396739294986747	0.0626721927199749	0.07316190169852803	-0.07718425712893602	0.02486180474452852	-0.018239205268412977	-0.051524462610924845	-0.007533825313686325	-0.009891397089345996	-0.02246987216606963	-0.11786879084147084	-0.051200576009571036	-0.055487380808117194	0.0029196087179719408	-0.020458579018806745	0.014754658956582097	-0.014367338914038276	0.019117010222874032	0.004394962798505627	0.0021846058716920003	0.009634924346297195	-0.039670998786416396	0.006976026051385904	0.013776453360328289	0.07020021449283897	0.01781210186173102	-0.014111610286344294	-0.04530617533016554	0.015704245521304196	0.021322496599029243	0.03897950461778114	-0.02295338736475186	0.010567168203007635	-0.02124197311908652	0.018435773723159417	0.0343808663731302
P4	0.04814000055193901	-0.05758000165224075	0.039889998733997345	0.05650571534260107	-0.34809049070490367	0.4031960413606085	0.12193530648120668	-0.015337100504669519	0.17712866662800364	-0.2086122880004529	0.08312666386729334	-0.12406533598007301	0.454246867319756	-0.23470420489486066	-0.016481497359817014	0.006477643145645524	-0.12133757350658782	0.07331770905152497	0.04795057539793331	-0.10143620066812177	0.04555548286752541	-0.1685985995251318	-0.0019180148128899327	0.015699835484226925	0.014593237612137187	-0.003419832699131991	0.0015141414400536794	0.013482174804030769	0.022691681105972895	0.011719086088186972	0.020523262815532725	-0.028454006361989668	-0.051916235548236954	-0.014844035423617903	-0.0024139844132455234	-0.02132042281354456	-0.09372953731520901	-0.007886974914104063	-0.08023960502752854	0.00010290747525113595	-0.01378965445467757	0.012832053066037193	-0.004531438321686081	0.018520608917534914	0.0022830256712665026	0.012166485954413431	-0.06657444760078768	-0.020295663985865048	0.0026430815883686965	0.02083860837964172	0.10474994351442239	0.021494050426565558	-0.04059892753130509	-0.038965917761323715	0.04399793810067527	-0.013132803982972528	0.021370915093851237	-0.22881324418783222	0.015651414323054513	-0.020290886079383542	0.025260958063018507	-0.000745826660108194
P8	0.06837999820709229	-0.04992999881505966	-0.00749000022187829	0.13176664002072083	-0.4580394830323906	0.3160554268469333	0.17737968512613456	-0.2887247093775216	0.05867084452864336	-0.07661202725340817	-0.06625359411699837	-0.2050174086241336	0.21189453607880865	0.1382569128979941	0.05152879296133381	-0.045406487502844206	0.010884836392317373	0.12976235169882383	-0.0011023963451845791	-0.23488986720849264	-0.08719750502927387	-0.249272663201693	0.017840707091794535	-0.013543083956064714	-0.09876380278348021	0.034566425991925345	-0.2677585590624015	-0.02052400569015564	0.17089503917480495	-0.17421137236267614	0.0006726646668857215	-3.2689321273507794e-07	-0.08232768333890515	-0.028615327754630982	-0.03994706904649396	-0.029884255755469102	0.009560339043496041	-0.42866235828399646	-0.028959023363149594	-0.07994834266722939	-0.00988886330420922	0.012464306228378628	-0.05696536551381252	0.01505603896997946	-0.0034207946186720533	-0.011654172721112068	-0.01397254895412972	-0.06896905064511463	0.002400724601564764	0.016242952219525705	0.035062843032310484	0.028964416043445625	-0.07025792581900411	0.014165981062043208	-0.0010364680316447147	0.04031071580603617	0.0175354916626038	0.006950464236829298	0.014421275780588707	-0.037180669848223505	0.01743431394575128	0.0023563022287321402
TP10	0.0700799971818924	-0.02329999953508377	-0.042089998722076416	0.24913220722239265	-0.583483837206907	0.1327208629129954	0.17542180668605542	-0.3748139998963713	-0.31826476701965717	-0.029077035225119726	0.07083720476884954	-0.2179842640839511	0.02254174696838312	0.26047417794405814	1.0369300613403503	-0.055815640241486525	0.06945323853895614	0.14924734587361912	-0.027015307486264864	0.01496915264766144	-0.14245425663936548	-0.07563815139356915	-0.0034394855692382134	-0.025623243594725294	-0.10390417257921244	0.15547658085409213	-0.247850104918545	-0.033295731500340243	0.0900174665690247	0.044680687883201356	-1.1863948515623078e-05	-0.007305855548825864	-0.11474256464550273	-0.03637734637630145	-0.0030942587105547	-0.024973594429636373	0.007921345967970901	-0.0537944762213234	0.01729436134817464	-0.09432532104641243	-0.009320382764509194	-0.019250639253420715	-0.057857468311332136	0.031553056962293324	-0.02948472141219652	0.021322284539901856	0.012585455249954785	-0.025234535699132348	0.007897008025816287	0.03481369349043951	0.012085415817950505	0.023419230214101	-0.0939121721869982	0.049117603750589676	-0.016565244958598496	0.07336481526053512	0.029308873162647686	0.011246945614778072	0.0016550984719252877	-0.0018202749053243916	-0.005247300432036586	0.01672361876258261
CP6	0.07625000178813934	-0.028759999200701714	0.024170000106096268	0.23429913085994764	-0.3406869511785912	0.32285679729378747	0.1256922221387544	-0.13576101748808203	0.0823444906243428	0.16951365630735715	0.05707111191198503	-0.13618113213261732	0.33716307272791673	0.022411094733334292	0.006919172599862969	-0.01696630053020861	-0.026311701413764186	0.12349232834790465	0.02189763369272578	-0.05065605035430239	-0.016785082311194355	-0.13565989117143668	-0.009031465053220394	-0.006485362580605778	-0.07141539776645925	0.030516469730522612	-0.10035983552323627	-0.030798248996908334	0.10555131865599465	0.04366017047921223	0.010658448873083905	-0.032099752523522505	0.06724406298727799	-0.029091695727318748	-0.09955771289601231	-0.023076091076242915	-0.0032634912758741906	-0.02973097474453739	-0.023254620509002108	-0.1017349652577794	-0.004303231598967558	-0.006305262977702099	0.0048825588356604535	0.015403410159087574	0.01585245649265509	0.01811950235521277	-0.06597404059046211	-0.015267694353391354	-0.007880716963807755	0.02275766613421602	0.0466452855294884	-0.01696072091146376	-0.03127023944039014	0.021643450479521785	0.02792365330083338	0.006772148023244408	0.0034575275125803585	0.025506279116386872	0.019639220746739034	-0.002335365462320839	0.012575964299364124	0.014603646385543694
CP2	0.032349999994039536	-0.03243999928236008	0.07159999758005142	0.02615773338785343	-0.25793269466365953	0.3684085358363399	0.025058873708537037	0.2557539552601736	0.20277853895049217	-0.1339514567850923	0.12699085481427858	-0.039150506896450187	0.1643283738660387	-0.2657587606223354	-0.03397429073765122	-0.00416865705383581	-0.010488895165897957	0.041041842733773724	0.04852156612318282	0.005419469926802159	-0.010301684461882704	0.08240278032114268	-0.013195685461505081	0.019451669164113942	0.13784253175202968	-0.02208123481601444	0.035341995738531425	-0.01013781276725042	-0.08477695179576888	0.060126446577247014	-0.018084757737537087	-0.034174998576244196	-0.02349401321726162	0.008130889866860015	0.012312115515494345	-0.013520163073225974	-0.023039276322449415	0.006494798937202165	-0.06902663057635308	0.021397611427070376	-0.009278896946064964	-0.01171971741059923	0.012885332361893303	0.015579722990271962	-0.011797750382955493	0.0153435520548792	-0.10117899496266858	-0.012549712385942236	-0.001798577940416185	0.020468145549593766	0.023599931506959645	-0.020022208701287812	-0.017602827898049202	-0.02228633008304528	0.23610295485541183	-0.05072070372354321	0.00264359302842053	0.03933770146692206	0.0027517854495116285	-0.0006034497339310553	0.007051158372843084	0.005483377727762903
Cz	0.0	0.0	0.08500000089406967	-0.06965291395119301	-0.18156504217297104	0.24869984590150146	-0.0908050040773009	0.5915764725847866	0.2114753879250331	-0.049577353695058626	0.11975102708315447	0.02470770629480337	-0.06524017087541205	-0.1619390649070813	-0.03501641729728358	-0.016619878744541842	0.037484165241257215	-0.017364430559631716	0.04124785019980231	0.041285337001232984	-0.07476995347196677	0.1141589039649495	-0.003414206419636634	0.026684057557737777	0.17906377537469134	-0.010623466506336467	0.051122328542484025	-0.023125828534618014	-0.10163857662136207	0.06229421655786587	0.014509495048257881	-0.024955590732500157	0.0028046406138333593	0.0124231867661764	0.010024228559528591	0.0019779302062334896	0.012845086858172079	0.012662395260263613	-0.051332128040739236	0.05776766023561607	-0.009638456321142574	-0.048219903594509624	0.00859214570224167	0.01785060131315883	-0.015999702169724593	0.004331105837865941	-0.05607853556575341	-0.00018001042824325345	0.0028787299106668627	0.013462524395838093	0.017967719221099503	-0.00810775859002345	0.0034539888471658044	-0.05160102181875975	0.025932341072101815	-0.03941021087938834	-0.01622327799637617	0.023655536247611283	-0.0208737397875872	0.0018598921453833205	-0.002768951810084938	-0.005865677084918763
C4	0.06317000091075897	0.0	0.05688000097870827	0.28752097398533416	-0.1788755085222479	0.27241770831081524	-0.020384556237235247	0.1331948692004915	0.09990407928310571	0.14032200848138207	0.11929712402221714	0.051340789402214725	0.16100773540200813	-0.01222280751031993	-0.027099142486096458	-0.02072788613384868	0.02351270765559823	0.07153080629517862	0.03866955725383674	0.02127470287595848	-0.05487964441967913	0.06898591402462823	-0.02142361229853381	0.019423939176592755	-0.02019751495851166	-0.08562409707649037	0.051201855567436505	-0.03764015861784039	-0.07766054623888974	0.053999022003804714	0.009365277136590822	-0.03599432587231754	-0.05688320845367232	0.009493550043025909	0.056241615457181635	-0.015870037467003825	-0.0073063915283647874	-0.003835864476284456	-0.016309563818399292	-0.02616244670304038	-0.005241620568107485	-0.03020736814607018	0.003763218523939463	0.0003160337758855919	-0.0179023860420217	0.009022763893734648	-0.2165874528705545	0.005783962159178885	-0.008182157156174246	0.015497407456219777	0.02003403123426424	-0.017595251686269405	-0.018915401634237734	0.026562790199802813	0.032796653196185244	-0.015372349637891367	-0.02017147371588063	0.032795343253568934	0.03952116770602878	0.008781314920333773	0.0006208914781000185	0.01642492076535075
T8	0.0845400020480156	0.0	-0.008849999867379665	0.4917163647234234	-0.39224842048899367	0.17955845483564384	0.14434662309481736	-0.2905976214389899	-0.18848668184048262	0.2973733742505573	-0.2123610026356282	-0.13147104449824595	0.20412425302587064	0.18866767289098701	0.0892523393358001	-0.08141326012944819	0.07109122047758207	0.1507392059188893	-0.008899985296454365	-0.003405840527508835	-0.0701587005855801	0.019444281361725817	-0.015000052955698723	-0.03747900523636768	-0.11471536976150758	0.19170411488927733	-0.00663760718136584	-0.05253102519603955	0.09630971360347997	-0.21473623428665958	-0.021899369729230095	0.00557302950788989	-0.18980735923525283	-0.004985351642984803	-0.45367027942614346	-0.026316122728320613	0.004549394565172831	0.010411612034286725	0.04368967399408709	-0.11169983540236642	0.004545559944920059	-0.021453802359319925	-0.08185959511542346	0.011069547144116372	-0.05246163809070351	0.031584511839568376	-0.04024085319840066	-0.04170766548023053	-0.012599889861201611	0.030234499240631096	-0.006388914691256013	0.024194823484609385	-0.022959669805428372	0.04191073593827485	-0.0010948259134727324	0.030657416412848366	0.01072747438119215	0.01459099851776438	0.028827678607957367	-0.0016736854074560247	0.009408157122378798	0.02261661261470703
FT10	0.0700799971818924	0.02329999953508377	-0.042089998722076416	1.0034612565619971	-0.50230774069307	0.05351083897929592	0.14437805094130068	-0.311866370747302	-0.7088362377421754	0.12196598560421962	0.037338129133786355	-0.13080758196261708	0.0015697773731773688	0.25648168840384755	0.0038598609035863114	-0.06995562089325166	0.05476655870573424	0.15590478269145502	0.04230761111160809	0.07415640920558136	-0.14799867561129074	-0.039360813556305864	-0.0760781412447997	0.036970156193064804	-0.0883751995671636	0.3312043601178482	-0.08134419506867475	-0.08228071923156596	0.04714024712130124	0.05507468167813417	-0.06739426332610678	-0.04653329918537817	-0.10942243326822836	-0.06791050540382676	-0.003241143662896069	-0.03245659099549523	0.011998825284659195	-0.06013843070456498	0.0628648139853803	-0.12632570878643204	0.001482538787834051	-0.06271191800972786	-0.045086903202615394	0.00782080425359311	-0.06390011873348658	0.10373089110312911	-0.007023614636018714	0.02037620669671496	0.0007148882993422925	0.03788743872110972	7.478195622060423e-05	0.03776851975022936	0.0245192880802562	0.037885404825757404	-0.009200406435665023	0.04839575718333336	0.03588141805963585	0.008204116508384927	0.012714530394790957	0.037291235021870366	-0.02707544565015635	0.031803528792768224
FC6	0.07625000178813934	0.028759999200701714	0.024170000106096268	0.7335273614839901	-0.049758807347879165	0.14999493694349286	-0.02398753224178833	-0.023262361840629908	-0.08883076070243054	0.34404660239215484	-0.5470890715714951	0.11650428942287466	0.14062485077856926	0.09909603052573447	-0.00042426034446729386	-0.04275494332263765	0.05122983297754899	0.10245141828374585	0.020319341877906526	0.02832616477832548	-0.07025607018416131	0.0633858594721421	-0.022128436865869353	0.0031184136891798503	-0.09196140111838151	-0.06775603524397356	0.03710028279938535	-0.038389805691791505	0.0495770582231884	-0.00019395762706591086	-0.019673380377034876	-0.00973253584920229	-0.0679270172778408	-0.12026122540341407	0.05432983388464992	-0.01720995492042693	-0.0019036724019075482	-0.008801145441952126	0.05660412825810405	-0.08163490617795316	0.0003893759982261925	0.009359317086325501	-0.0030503122039478316	-0.016499495761046097	0.011697604421959525	0.29812303707997506	-0.025530253756283167	-0.010361078170173817	-0.01083092533342638	-8.296902788131753e-05	-0.01220238198354756	-0.007646735146172354	-0.015612986955317798	0.07652101867731961	-0.015677482244395764	-0.009068061391190742	-0.01915278615629146	0.03545364267761399	0.05965187884658593	0.02133854127350699	0.0011993754882061699	0.01847562110820095
FC2	0.032349999994039536	0.03243999928236008	0.07159999758005142	0.17242318368385476	-0.029327054241802045	0.16810114414188196	-0.24676920780126607	0.41901856613376204	0.11115426681140114	0.08572350138086025	0.11443044997556344	0.31189728693823204	0.016782449662650627	-0.043190681818737454	-0.028125546790873483	-0.023629777775437434	0.04519552308556413	-0.023922772428192258	0.03367181710401466	0.047756344139335105	-0.09445501395438294	0.10673650131108305	-0.008734774176429878	0.03850144077126258	-0.03247079867530051	-0.04974084064672127	0.04860763544956345	-0.037396978687333195	-0.08684609425723845	0.0493187744641054	-0.03229017636897473	-0.019908458324227805	-0.011553802824745909	0.00405701393209126	0.018415329605824707	0.004791342958909213	0.020133481930717626	0.0064252221300444955	0.0013016333130437504	0.003185626813776622	-0.007808464422687304	-0.06095038034253822	0.0028529223897213363	-0.006743342353007213	-0.011185557491133718	-0.00912640686310393	-0.04870292994027822	0.010323492834647443	0.004682372483632297	0.016136914300131706	0.011480655958193453	-0.007241568511898075	-0.03343708047445559	0.08799307672531757	-0.014150904638872829	-0.014530520238014691	-0.03940320781971994	0.04206159204740844	-0.02274249471972119	0.00895947637412069	-0.013054606065588635	0.0036435603896489387
F4	0.04814000055193901	0.05758000165224075	0.039889998733997345	0.6724367334028041	0.3453062814080174	0.09301003323100537	-0.27955759466973346	0.1613277921247959	-0.06255643322601429	0.2062614516699859	0.06886847705061701	0.3912474076461877	0.02567687515913071	0.07502162860637716	-0.012892709959305363	-0.036098610358153135	0.06281393495630282	0.019670876544522844	0.02313816967803728	0.041556986164177696	-0.10053669175577475	0.10227674305270579	-0.03610036993506769	0.027798510306346495	-0.06947099051851192	-0.13430047779974888	0.06413261531534095	-0.048561321809616025	0.010764733251050186	0.036975699950647575	-0.05061598517487485	-0.004145904334512452	-0.024028907389990035	-0.00032304960521710777	0.012749460468972294	0.003933957186177457	0.013589794593317793	-0.006804963644673298	0.05657548588269979	-0.044757404947167165	-0.0038029146806990424	0.052016473429767125	0.01314105721839896	-0.4221435091981817	-0.0029240535922115886	-0.018689237256214335	0.030512869086843062	0.04975562518513119	-0.0013063164928376755	-0.039019532347111	-0.017436568454585348	-2.2809304421434388e-05	0.028981070143536704	0.04737311091774115	-0.03267845490407146	-0.018293905443632724	-0.021849812586408453	0.020985366282333422	0.033491564040385	0.024132194503757646	-0.006260423184301945	0.009284290045525303
F8	0.06837999820709229	0.04992999881505966	-0.00749000022187829	1.857935223569509	0.46324709105760803	0.05590816254813213	-0.03146086614297997	-0.058328208042957165	-0.3394599114783504	0.28689829996431326	-0.09415065494591984	0.11316177043974948	0.06552974287403288	0.16462759861593068	0.005628194946405524	-0.09133222486965388	0.08029839536278513	0.1296187988591774	0.04404581062857174	0.021604391318662187	-0.10127302318601304	0.08450057996807425	0.7467754013045637	0.01208092190239894	-0.13098425778341777	-0.020835704834706134	0.03680798197665054	-0.055412591158425624	0.08639159490168939	-0.0011496918053150837	0.1864300114430082	-0.039271827640796536	-0.003367353637443919	0.01731781687521626	0.006120099416059199	-0.0377320838729395	-0.0037005642200090938	-0.0642842866482431	0.11370225407368396	-0.0734527688729489	-0.005247695907965541	0.04656860658655451	-0.06149676608296963	-0.020482095897227895	0.033560197873070345	0.07464576549739448	0.03074874331504666	0.08637870540843195	0.02461776104254274	-0.007071062455001392	-0.02663646797405758	0.046477294511738786	-0.0008761469123805112	0.10576261401428468	-0.05353127838820442	-0.006575235900897046	0.002799807638732478	0.0042457723019082025	0.0777955389127319	0.022021353469501476	0.012313430871058902	0.020413344292442227
Fp2	0.02613000012934208	0.08077999949455261	-0.004000000189989805	0.9922929934703484	2.3120602175758074	-0.01980112616279881	-0.33312603786077577	0.017914554726142402	-0.13550813030907347	0.17034736161060843	-0.0075364690694121	0.17488534804981506	-0.04621982878422551	0.14917983354616743	-0.02058015061016058	-0.024658985036796727	0.0710903948321352	0.03855256054699035	-0.026530060620381987	0.012957701763310712	-0.12756750260341235	0.074516812001684	-0.013150313925579273	0.017319816817293356	-0.021193727059299637	-0.08872822099772833	0.04438976463292611	-0.016861665659661004	0.06484278012279823	0.04089787957366658	-0.013894887057595541	-0.32140705402672554	-0.027918282241370638	0.04155611559968116	0.011841072677133213	-0.0017735512939127068	0.004303376347656317	-0.015547190281085319	0.0899580240771127	-0.016860733617925314	0.0002951729059935409	0.13403243766545125	0.003774705229933869	-0.03722091401572846	0.0063999893462094	-0.02261705473011708	0.03260560762735597	0.08596595312747149	0.024117263261263632	-0.0012411724156430172	-0.020631594164675863	0.03892725613359653	0.09426902116912216	0.003227195669602397	-0.052870815182549845	-0.003082865820185324	-0.017877378154483058	-0.023537698580242607	0.03167306195279098	0.06139063788390939	-0.007770359123229898	0.008667820233987301
AF7	-0.049710001796483994	0.06869000196456909	-0.005960000213235617	-1.5351361279842628	1.5423056840956308	-0.39759397562287185	-0.08678403175738429	-0.13633499647736128	-0.4600739642608483	0.15905784416338292	-0.14361806585394868	0.07027257209819507	-0.16804970772550812	0.07468802053276324	-0.022284959835038004	0.0001376060276448962	0.05789729996872859	-0.15854702950818364	-0.03705067010596328	0.06332669414777985	-0.039324272626274644	0.0036629293157419145	-0.033091923266778046	-0.015933693079419838	-0.03624695116620071	-0.10116315337483728	0.05142097967065081	-0.01932185411703767	0.000163264883039625	0.09943867667458685	-0.014266585608755742	0.3181408811426572	0.04987325593230115	0.4007238272003904	0.029089247388274356	0.013386433201411732	0.08380204613634838	0.00739467867541273	0.08542488516374418	0.023886624301840333	-0.02724353620296428	0.090982767091724	0.04988912793711835	-0.010231289437797032	0.0055473257971863045	-0.07005360086322278	0.0658560993081668	0.05891862659788168	-0.007784796911340294	-0.029431038181331068	-0.0775111835605585	-0.010905605350154918	0.09568414748951728	0.024006317792024195	-0.05329477034294924	0.02485939077668326	-0.05514459649221968	-0.018315861347851944	-0.0615028697416928	-0.07344491892811153	-0.02586591432543706	0.0018612819271977814
AF3	-0.03147999942302704	0.07615000009536743	0.02085000090301037	-0.29579719112321173	0.6495818010808022	-0.2685550704018859	-0.5513280615372519	0.13699223973267274	-0.11440772084494567	0.15303953442943305	0.07600568358389984	0.13920590386711829	-0.12471946404418725	0.007342366725470473	-0.02470757920050109	-0.021009048870157906	0.06389842205815878	-0.24003737139658818	-0.007428100409546082	0.058592105773255375	-0.05821374369399061	0.055898233657080604	-0.016165358164021548	0.0669984389202581	-0.040667504848896426	-0.09704057843065815	0.058034874945223754	-0.020023197177690574	-0.018286574195160554	0.01707790249126787	-0.05846385637030397	0.04563965379405938	0.04435409479114427	-0.017114781229410916	0.009625492183055069	0.04930784666001926	0.049323118325310056	0.030399546701081484	0.06517449947097419	0.025107457356258783	-0.014522501612013898	0.06973059041429695	0.005491160393611132	-0.011970682237973622	-0.022413552671582564	-0.040633140145087183	0.01666314957643775	0.03354151066991148	0.017129531680430528	-0.004531874113989233	-0.061373457930664344	0.012058568425177526	0.05973784082361185	0.0018251973755573888	-0.04787034258595405	-0.0009945678039854926	-0.04606755378585258	-0.01213876403412392	-0.04179969953977184	-0.17239383821108512	-0.02727455033972128	0.0034601524175183924
AFz	0.0	0.07902999967336655	0.031300000846385956	0.10802062697644911	0.7163801247933285	-0.13751322135585153	-0.6561407542931609	0.1639258247263274	-0.06859316353675156	0.1565738352306301	0.09538380807520759	0.21172893586657257	-0.0862896266982288	0.02624664408942333	-0.022077852928878035	-0.017238522035067327	0.06295137121657732	-0.12066234449319575	-0.005977079028403987	0.05420911489389992	-0.0982730447442801	0.06720674264993569	-0.012702306962795614	0.06035380852910914	-0.04535731412038755	-0.08099542786849984	0.05789796659371626	-0.0297932536004206	-0.00695790190992915	0.030763269325968554	-0.07792714712926992	0.0246602310935999	0.008105433184075894	-0.016688147309214217	0.0074976237228763405	0.028454942163038847	0.025351762974665088	0.012473849561155078	0.06867183958160257	-0.0046669651503644825	-0.009722987399969192	0.17908508906913934	0.002399006234162818	-0.011911843491267704	-0.0034123055256185366	-0.03505575092438254	0.0009427481483142563	0.043714311191342635	0.013023386238458024	-0.01926414851440388	-0.03720822399912523	0.018350918136602532	0.04735356897940123	0.010016978351061342	-0.04783946535284842	0.0018752587933872822	-0.04091744721576374	-0.01516132728061847	-0.009491524594968945	0.07279066885604824	-0.030148570364030035	0.011273462105857597
F1	-0.026040000841021538	0.05990999937057495	0.05437999963760376	-0.22089281633447025	0.22332073543298686	-0.22071043338082882	-0.5252911754690354	0.28879769978687964	0.005121505708392242	0.14303828908497784	0.11296332958452363	0.20125523193729405	-0.11441927140038223	-0.039318576682498135	-0.02569587855764525	-0.02635835725736029	0.06154808060279545	-0.3007521939115942	0.017684701873560433	0.061959502227894425	-0.05779403857378646	0.06268241422603422	-0.007104217687022818	0.063311038608047	-0.038452913555491686	-0.06041628562819539	0.049626107175418266	-0.029326202059297028	-0.07677488155437322	0.024241251268894516	-0.05355098633387136	0.008252031225772177	0.05852373291224963	0.008487551316119965	0.007487724242579312	0.058279545175328046	0.03859960825819512	0.0173454047518523	0.0638755297307517	0.03858844654496231	-0.011563516509722708	-0.09272789112225943	-0.008724957247269299	-0.00570472591964237	-0.008190100154480434	-0.027559632019576712	0.015965790994901904	0.018398500038627343	0.013895129054203238	-0.008740185740468467	-0.04048230271762936	0.001179270170226207	0.04763838893683009	-0.013064604419339343	-0.04093637538861004	-0.026993023562257107	-0.04035859534184266	-0.012757464572350743	-0.031077441012518324	-0.010444449329870726	0.19560923952433937	-0.002728122344371698
F5	-0.06306000053882599	0.05403999984264374	0.018130000680685043	-1.0204942903918717	0.41448365211493376	-0.4904888913906932	-0.03221434257342882	-0.016169304243473542	-0.29984071222804415	0.1322746837220291	-0.2081583604613628	0.07764073544241056	-0.14919954975047	0.01247888042451874	-0.016656978084458315	-0.0737035994189492	0.09029445299737184	-0.23650450910042656	-0.027274000755744057	0.03268639734208947	0.0016114746068885098	0.03960333405310361	-0.0025373196408692298	0.05306344818775043	-0.05999344866780243	-0.12763440226226586	0.052777260725158336	0.003525298645731904	-0.03404137208660341	-0.18617733606574158	-0.011007309140490446	0.07368455313144345	0.28806813052727775	-0.0036566032526260885	0.051157233422365576	0.11471899630044174	0.0329424648263106	0.05508836481271888	0.06595137660776378	0.06476577697175592	-0.01854691386656538	0.022308194683579145	-0.007238549106766474	-0.009119680605203694	-0.3219659216019999	-0.07284260503477204	0.034606304696867214	-0.03328959099864845	0.011833149282915722	-0.04712849983584902	-0.09503485301702824	-0.0013298813468445967	0.055882991665984295	0.008682868282624977	-0.049399983006648586	0.009022119397733598	-0.035479338283570284	-0.015020412133713842	-0.05553168620852812	-0.025833218914240497	-0.007141159113458968	-0.004832104088617863
FT7	-0.08041000366210938	0.02621000073850155	-0.008510000072419643	-1.0554640416894616	-0.1269397202569461	-0.767218928566605	0.26143490070098685	-0.1802929132639701	-0.2791888882560281	0.08338877512354034	-0.3489845485523493	-0.04826067122460187	-0.14802672754876903	0.05027682288735163	-0.01339801589947407	-0.02982269752809584	0.07646970415244936	-0.03760179320447509	-0.05877566623273653	0.04283391655032828	0.04648103154442754	0.02331272813924784	-0.10024836344398273	-0.07102803652983732	-0.02376309995683565	0.04198118452757153	0.00866581282418173	-0.008654151018702148	0.002359149086870227	-0.1744303804083244	0.005039536358629738	0.04966432557048079	0.08696506007800749	-0.037453711316033936	0.014443884419958905	-0.184353686660554	0.05630409888598224	0.05440478817412881	0.04150826108140117	0.06459436663156837	-0.0006487125387563635	0.0132604589776253	0.38400567142203706	0.017032162772501806	0.07890314756973005	0.015620696811029712	0.02867335916298044	-0.035486498796700766	-0.008240435721335457	-0.004797541082250807	-0.050845563928041106	0.0002775663991699998	-0.018731540860321163	0.019693568102930027	-0.016734719630520093	0.02916388068807268	-0.022299406626217034	-0.010328355493469435	-0.0003908919946765527	-0.00997244384684713	-0.0162588497156995	-1.3183949368632264e-05
FC3	-0.05926999822258949	0.030959999188780785	0.052469998598098755	-0.4478223286893848	-0.020142255776033416	-0.29912642406290285	-0.07185765405733746	0.24100062162469657	0.045904110336369944	0.1275645475892941	0.10921580295350243	0.10965718524175762	-0.14805539318467345	-0.052294915274027035	-0.034283851992834596	-0.01176362865185041	0.05552993075605075	-0.35760674902065137	0.029776987380460578	0.059217832159753216	0.003439524862002833	0.05464926484617484	-0.010923502662348627	0.05066767829353487	0.03681841375969366	-0.021832613336666116	0.025782541139650218	-0.018771923748909073	-0.10191703337097163	0.0203806362506871	0.044198581216428334	-0.000777109611021583	0.05975091727318217	0.0022171324316780225	0.007224846049456709	0.11887142293990768	0.0374113307135023	0.012188191352166236	0.016271893018542406	0.10976510481034434	-0.012768243181679446	-0.05188311064537767	0.0003099537510347829	0.014734650068936678	-0.012286404323116382	-0.024219696368608934	0.027217968818637903	0.003093026589278776	0.02528890000311778	-0.002893823077711091	-0.01948835272232157	0.014865358867677637	0.034458875739309114	-0.044210403211124176	-0.01497683292687715	-0.03124112096719228	-0.009821212987483532	-0.0065971702725938705	-0.02827543882406521	-0.002700141079906291	-0.013314917832055998	-0.019433029600979
FCz	0.0	0.032930001616477966	0.07835999876260757	-0.03254804069394101	-0.03823284823861141	0.08214384368887104	-0.35150237925073485	0.5495922275715914	0.1676699205939966	0.06714136761004069	0.11488341025993928	0.23178297240098683	-0.09000634442357665	-0.09248970918346319	-0.02704758174418042	-0.024071337987239892	0.051187265700890425	-0.1138232601401997	0.0358236910058982	0.0575715907478271	-0.11992731919280629	0.09572622866194491	0.0006447555339906198	0.03592841898183599	-0.0060771588100233444	0.009938701628685678	0.038115780772669895	-0.03932811858770391	-0.14453933173459707	0.03589854872079184	-0.064180401600527	-0.01491968566346234	0.04376979974879445	0.019929032231927296	0.01106443176839686	0.021731013458039246	0.0353735508250634	0.01275985666811247	0.012497565840482217	0.019801421880335155	-0.00927310500550722	-0.13169180042825263	-0.01353124132773592	-0.0017480270367331956	-0.007491834226330768	-0.011992371133618267	-0.012916472959486846	0.021732162058140294	0.011364131152240874	-0.000566165758881436	-0.001326707997069581	-0.016669082553506014	0.0002666652399037306	0.005100456228795506	-0.029138057888603974	-0.03032601389301388	-0.05558030343073316	-0.004770943934206224	0.1098314499432625	0.01114011930565327	-0.02975564707133624	-0.011814985617876859
C1	-0.034540001302957535	0.0	0.07767000049352646	-0.1941618139426335	-0.17982829628585995	0.11718353728185238	-0.03609369590986594	0.46494879964956404	0.23314842203111175	-0.0030445159364818225	0.12039391132245016	0.028166136299127034	-0.1532580715730298	-0.19345502643585624	-0.03259491799770466	-0.012232627575983252	0.041636270877443246	-0.08833705765541149	0.0460918566946691	0.05122592670938325	-0.028841824064876204	0.0766111927712665	0.00018649465622284673	0.02783785372997677	0.16923481589293182	0.03325938102771644	0.03205369826454945	-0.01593758242206278	-0.1499517741862957	0.055744356249127436	-0.01224717051453326	-0.019884705540805857	0.04137252738513128	0.01572854605164993	0.006161324318780172	0.018004839878031476	0.016923912887949526	0.005069178350613248	-0.0775767699904953	0.09840619486800327	-0.008434510550697829	-0.0638147375962378	-0.0031215939113728116	0.018514202254646298	-0.00195952702408606	0.0023152769059476743	-0.04734171625029555	0.005312554201420205	0.010376459907612894	0.007189001403869594	-0.005641809237798806	0.0046868587258195	0.08699527753851431	-0.029903457012397924	0.01636810893101335	-0.09083736843059347	-0.019567679787707615	-0.03281725785152183	-0.051072285704812016	0.005946208564032614	-0.013437752170863047	-0.01782964018154437
C5	-0.08083000034093857	0.0	0.02628999948501587	-0.5432312837774316	-0.23443682989111367	-0.5066474300612692	0.24506411121034907	-0.044994151743453364	0.08618201117193561	0.0521913816033189	0.09431937107550567	-0.05566099683390583	-0.1340795267240855	-0.023582407287679442	-0.0444666576793118	-0.009704791612671359	0.04221120788574946	-0.025150878424565797	0.025643885946503422	0.06597444232514577	0.1357885838615655	0.005352745614382288	-0.02401213265419379	0.04231727553076633	0.0741540257165923	0.041616935798200486	0.009648702613899161	-0.008041669087635013	-0.016473781130040936	0.04780607812068803	0.08353900891447447	-0.0003105812704755786	0.026195151263343514	0.002208547273240194	0.003232453967394219	0.014114716522933855	0.039121025867017295	0.022899294705603212	-0.029560212972590608	0.11054293062566183	0.008735392073656362	-0.02105518960016086	-0.02761054751161252	0.02430465829365419	0.005037641955304712	0.006022011786340973	0.021587531567413082	-0.001275836911882601	0.08194595994360503	0.004566032712371324	-0.006864070375188887	0.00987652216093576	0.008748798567579782	-0.004780040149455589	0.015289125291953282	-0.0019071498126651512	0.013982466434503862	-0.007157184619150851	-0.0032734049355757568	0.006866928157752666	-0.005259377248816345	-0.015475106251327461
TP7	-0.08041000366210938	-0.02621000073850155	-0.008510000072419643	-0.44710945340881164	-0.4026987629178862	-0.466478348744436	0.36950966029886606	-0.3037815378122833	0.1282432203707788	-0.24206166830442943	0.06343240189726769	-0.1687076074981612	-0.13011798178671474	0.1467412338334232	-0.04884208680295946	-0.010957886637624363	0.04265349726507575	0.07775726339258998	-0.08493330679777825	0.07850285651009584	0.16373372554492774	-0.05982637208198095	-0.012952662065197214	-0.020671033590683154	0.01730064660761197	0.07503990696262858	-0.0007035559150866566	-0.035574828917267	0.04232872190260386	0.05095757351461649	0.03420948215929553	0.0006607689601975911	0.018240619423680916	0.0017264829776921827	-0.007611535462950861	-0.030907547665448794	0.06900078227946684	0.0589770468901507	-0.038089554137212975	-0.009071545974150858	0.4079123695461424	-0.013624242131244392	-0.007014187636714349	0.027684988110352363	0.019650170393531844	0.006613240909110019	0.0692703221231076	-0.010168658939486411	-0.08000878160307504	0.010565293134463881	0.013471797975449975	0.011038488080429608	-0.02824348772715649	-0.00062003604755572	0.016334370261563185	0.04979515924292297	0.009093617058215297	-0.004419732503099903	-0.006639182036049502	0.012264157577694359	-0.0012171368002877759	-0.009294883239807228
CP3	-0.05926999822258949	-0.030959999188780785	0.052469998598098755	-0.26831729788847064	-0.2739096879978607	-0.04952329812775364	0.16583060754868992	0.09484101751629873	0.2417725621250411	-0.08676511034052281	0.12053596210336714	-0.07517711035926587	-0.09895634889764494	-0.16882035415308227	-0.04370844880200102	0.009724350080449593	0.009612604414670387	-0.041615420306438715	0.05782790789368446	0.060522103715602425	0.2348320832465096	0.023086339774785445	0.0011404208746421624	0.01977081293264183	0.22192967609823683	0.029573868327577697	0.022182560014939585	0.021091138756763776	-0.15252031035113314	0.059920414677423504	-0.0129061822952197	-0.017114092061851948	0.020598358495755763	0.008085305852855362	0.008036258253363716	0.005066907470867144	0.009830913363673756	0.013418219818743745	-0.2060179077442669	0.09487414041642897	0.004375259335317762	-0.04303872518520131	-0.03040195954905535	0.017604752411743623	-0.0010770602928768095	0.00374038611811199	0.00593218509512307	0.003665929159691926	0.028093588530413213	0.006063679019309898	0.024241148611878493	-0.0009229988481079852	-0.02670842314738729	-0.09341022695588652	0.0194230784408636	0.0012443891737649712	0.0006582047253593461	0.027634591658556737	-0.051453215249755636	0.015130602607734864	-0.008008703451531953	-0.026184989918182414
P5	-0.06306000053882599	-0.05403999984264374	0.018130000680685043	-0.24807463477635633	-0.36905635231082157	-0.033986170447355704	0.267879788841288	-0.19909591726429504	0.28110699808422196	-0.35686826302638064	0.09193509135872385	-0.16648331579362582	-0.13655031606665005	0.037400370253752514	-0.05152117454949279	0.03394730526322277	-0.011818134654353187	0.021198795160141073	0.05304951795351492	0.05653378058810012	0.3209589884214167	-0.11612100617244446	0.0019264549496537027	0.01339936854756334	0.07605797316764329	0.05600900563311089	0.03952269081980509	0.07543186538070215	-0.01220846881253917	0.02854321980032459	0.010152861543219491	-0.008597788472918703	-0.003954096880950005	-0.01206593232136437	0.0009783851311634068	-0.0166437916003604	0.012793771929477333	0.04008644131963317	-0.08805662987620078	0.025483852173055536	0.02739285129010816	-0.0023476243224480734	-0.012387205850524765	0.02531391102312369	0.01641214921456303	0.013497904079268184	0.06046339631855004	-0.008293854089390047	0.011262157987684016	0.012679151041746006	0.020317275666451428	-0.31632290746232594	-0.018806319618465798	-0.05013081341314827	0.007400326904275591	0.0269750463934893	0.025388106569154797	-0.03153039883097289	-0.04174352860852739	0.021905413447062212	-0.007761262361124762	-0.022990586927735448
PO7	-0.049710001796483994	-0.06869000196456909	-0.005960000213235617	-0.19165506000508475	-0.43660417861194656	0.14882542965916196	0.24527886783733172	-0.3383338530583612	0.2755240325901334	-0.5024899764752894	0.020348134589135175	-0.2183129358555791	-0.18149830553326685	0.1861946009530449	-0.0352187250835723	0.10713901045721538	-0.0578282435984363	0.07132897858490105	0.05801000964839826	0.034142657200592744	0.1430073149470213	-0.18062478237040655	0.026295845021473394	-0.021470715447685827	-0.006977597006568279	0.0581618668598945	0.06889188711885902	0.4950065565398646	0.06501850801986508	0.025409804921323522	-0.007319577379120511	0.00473080613253274	0.016962872737122877	0.008274929887614338	0.004742181932934025	-0.010939926281673262	0.00732134368770976	0.031344927315593116	-0.06670815020407467	-0.0063280512512543735	-0.0015418123028406294	-0.01007219845155275	0.022499736949619892	0.02060441196933344	0.011565264831143209	-0.0021337671967047813	0.09589461439942475	-0.02105785865074995	0.015373902751731516	0.006706385700185153	0.07105117796684284	-0.0479965451986645	-0.047346626659587526	-0.04561666445185276	-0.004581472559393206	0.0427583900637123	0.032683256864448916	0.007920576810724155	-0.011379487725901334	0.01208034983183609	-0.0014602994713223821	-0.019499239913161458
POz	0.0	-0.07902999967336655	0.031300000846385956	-0.06421295827849763	-0.3851641292605354	0.40126907698715736	0.14547396781112124	-0.12237872800416816	0.22877570256378996	-0.37958411591143365	0.10025229055721264	-0.1848292505115082	0.01761423167699369	-0.2736354434385627	-0.028814458263451827	0.06431196749719768	-0.22109529407188913	0.06682807826691531	0.07661722913237994	-0.07319498935102815	0.11604318212317538	0.005371127269009488	0.00308832483594379	0.017817542517550168	0.049083805477339086	0.021100449802384777	-0.02073406661139215	0.10496260023093694	0.0351048571777143	0.006434856598968959	0.004495232018782053	-0.02626459789383315	-0.010385000606110244	0.014176990777698226	-0.0006872745689894594	-0.018973625058166455	-0.3849275938908664	-0.020345930508042134	-0.053743801383236124	0.01021938544083482	-0.017554020814673107	0.008230606565085938	0.007929044006548189	0.02092705345315603	0.014764401942010284	0.0073305518536954835	0.031791143658728	-0.019247184318737013	0.005151717230261116	0.02055150842405748	0.07562950816238319	-0.017204827477812667	-0.06466488169630208	-0.06941498647025013	0.017824130203698028	0.017291553997219378	0.036601548066987864	0.005431580621677873	-0.00027581549772311517	-0.016955066202070046	0.01626468543599162	-0.01118621156818833
PO4	0.03147999942302704	-0.07615000009536743	0.02085000090301037	0.0011590140080020572	-0.424628389849858	0.3563499145673008	0.1569649549355289	-0.18112612708802237	0.14666341033853664	-0.31376154356362185	0.01257189921453921	-0.19362369993039602	0.1490893292515684	-0.09414296481715567	0.0031944603831660498	0.040908074576305874	-0.5634898466469248	0.09175690268254233	0.033084503007123955	-0.28525012242194997	0.001073478131449304	-0.16435387802418908	0.01710422094458604	0.0043453584714562244	-0.026905996812653626	0.017592104981922804	-0.09191355938851294	0.06313671771995791	0.07604814868320049	-0.07670017091333847	0.02410474399780521	-0.01827519310507936	-0.054035867405202005	-0.007227603207069157	-0.009114619140661369	-0.022060148641000726	-0.11845471931011713	-0.04898047426150986	-0.048425475386357594	-0.01068167184734766	-0.020697960748723467	0.01843131821920793	-0.01399926928854352	0.019579425752654412	0.004376567442695226	0.0021865932109596466	-0.002131135137881506	-0.03856844984711548	0.007643367908086767	0.014966707202284059	0.07202282185749244	0.019140784877017737	-0.016159504342551135	-0.04380938394500748	0.017250443711273086	0.01921154671328248	0.03895866330072138	-0.0202852990344117	0.0063957639988892305	-0.021219828701185522	0.020047458460752576	-0.0593142442493091
PO8	0.04966999962925911	-0.06871999800205231	-0.005950000137090683	0.05627898499368321	-0.4780254152989186	0.3035337072923603	0.17036098150248444	-0.2819974769302434	0.0711184610822866	-0.21177271298094028	0.06462497995254811	-0.20963145221567986	0.12757099012009512	0.10410821862518145	0.015930820821741038	0.013068452490677208	-0.3144850381650203	0.1119859175391363	-0.011206084026280552	-0.6933666511702069	-0.08023682366876916	-0.24778291385131482	0.022214392102353958	-0.01297926184948654	-0.06899795770636387	0.03611867040857004	-0.1722016972072284	0.016431717585163586	0.1147770388827656	-0.0021081624848980672	-0.04808673548226857	-0.014935374140293122	-0.055199208799181936	0.010427584155704609	-0.02430099093976845	-0.024064388785415124	-0.0486863896665093	-0.05545927301524365	-0.03781761869546864	-0.0407021051248957	-0.011394644774217803	0.010865662508825156	-0.028167851118305436	0.011682814523544516	-0.0006334109318838308	0.004206834050124564	0.0014728435135586309	-0.027354768769103963	0.008473702977413667	0.010671859051748271	0.05988868694788909	0.031297862400471374	-0.05119645755260358	-0.01641584051197082	-0.00360504844128466	0.04463200362569318	0.024160219921121964	-0.004422659946358924	0.008299478712983324	-0.023587213645231184	0.0068816224853915	-0.0027394295609590186
P6	0.06304000318050385	-0.054030001163482666	0.018209999427199364	0.1162802902889676	-0.39002169002337794	0.365816233089198	0.1548063078264568	-0.14158728429640077	0.13206105027368084	-0.09222051512816538	-0.018858599342231937	-0.1476031224274669	0.33205525086377075	-0.052133087262997105	0.008746012446617341	-0.0038998217674494134	-0.10245347590892442	0.10019869169929228	0.02161319032129579	-0.20006200173273547	-0.012347978946520562	-0.4426462729974856	0.004797385014458045	-0.026194591997909387	-0.06292662789347048	0.019152019642521216	-0.11287342090421246	-0.013619817369339085	0.1029168031814596	-0.09470924438173424	0.017590398885324706	-0.017639539166133048	-0.08384676843040009	-0.011486643713390494	-0.026393100663370805	-0.026815316231958604	-0.08769364359855034	-0.005866023673165986	-0.04577731572947805	-0.036440944358546466	-0.009779579030927054	0.024093711100962156	-0.01935098114049631	0.017522297855746407	0.001023206904630043	0.015029384286992615	-0.07344561744381661	-0.04745228286291703	-0.0018370122806856855	0.021621417384646367	0.05038010425819035	0.021646349281045363	0.009272839243207064	-0.01049757261055601	0.032521931839895546	0.003929039781062516	0.02591607898395979	0.04991021786864467	0.04516162199783733	-0.02971883640227618	0.019995261652597723	0.007988868367030751
P2	0.026030000299215317	-0.059870000928640366	0.054430000483989716	-0.0007745661181101347	-0.31961705309245836	0.42778712123297613	0.09111812561674754	0.08810744610362858	0.21381747663200673	-0.2804299387763818	0.129319880836476	-0.10930931904837062	0.29147670732424025	-0.4126358096000736	-0.031041869842272782	0.009580351600814207	-0.0750746847691549	0.05788593844270332	0.05901421180001902	-0.03615755818528623	0.04485577845011428	0.05773247673112993	-0.011248696783251341	0.015127524508606539	0.10714282979098752	-0.004507406239709687	0.0188206522344279	0.018638498083277624	-0.05540104256937702	0.05591692046648017	0.0569531136842866	-0.032429749552552255	-0.04057959032668379	0.004176068524722679	0.0034542959569606613	-0.019581109490343255	-0.06417381661330437	-0.009736063595842736	-0.07315214670046928	0.03262547105422358	-0.016601516670733382	0.01212325732754843	0.009784461214051257	0.026820787627610684	-0.006358488566508959	0.01382676799419138	-0.060918719987216735	-0.012347660624736159	-0.003733446994186587	0.02482972582600383	0.07331499960706021	-0.019759004696732894	0.04096704288661487	-0.053682393440987984	0.050475047784147464	-0.047486407095610014	0.02503316193346635	0.044190237812917636	0.010622330700836423	-0.005732374782198276	0.019013109676229326	-0.0035230345330283714
CP4	0.05926999822258949	-0.030959999188780785	0.052469998598098755	0.15240602123211014	-0.28035560038739765	0.354016610469222	0.07005703663878	0.06486096918762645	0.15937758618568604	-0.021355794603907102	0.11739864216750318	-0.06691186548273563	0.33371020227574894	-0.12715622175408356	-0.026193138419194004	-0.0060009278014266495	-0.027946347226175585	0.0761877293005457	0.04404748046332362	-0.025702120613663004	0.00010287836377250877	-0.016454354186580603	-0.02241218202544777	0.01281329093020092	0.027342884050910107	-0.009993312678034688	0.008872751616313727	-0.013446068251427627	-0.03828562512906958	0.06481119799755602	0.03488776004406359	-0.034681667638200006	-0.03689290658586927	0.00039333060972643894	0.0054600590275469384	-0.021176519493563875	-0.036483399982040095	-0.005298300165364594	-0.04922369297942692	-0.021844728582960805	-0.00851246405010799	-0.007466172147770853	0.00635195735684089	0.015755606414374908	-0.003928740485871088	0.014945917189156315	-0.1077541015080973	-0.005926892733113547	-0.005851251235369207	0.019421937619606363	-0.13473305508325062	-0.0011092960632978737	-0.023402968061437105	0.006865367871521455	0.05945300419383987	-0.02390262432746598	0.006342225622390908	0.019632772402218134	0.02366824057922651	0.00512258175550556	0.010109674362829786	0.0035909182066914836
TP8	0.08038999885320663	-0.026280000805854797	-0.008510000072419643	0.2726202672796933	-0.437883103451023	0.26900128313705707	0.16093087597890596	-0.2883587532608887	-0.05545350570361428	0.1380917334929897	-0.1271176655561041	-0.18697017360670629	0.2722351198497279	0.17759950959067683	0.05797478119395846	-0.05872884502530562	0.06515027618375466	0.14609984951225774	0.04050179306416432	-0.04286100782983892	-0.06285678312376669	-0.06753597559728984	0.007325096888750297	-0.026649875583143214	-0.10303628917325083	0.06625672227415662	-0.4099767343912477	-0.020618434927763087	0.14005250340893452	-0.1363278865512239	0.003504008595921868	-0.007693895907550828	-0.12942313651147735	0.027898817187977633	-0.08718312857634883	-0.02704939197462742	0.022438352073019217	0.03331656162865244	0.0056365195936188715	-0.10021087834095166	-0.0048371231449791585	-0.018360616670208635	-0.057606673925513045	0.010765788473599276	-0.021307766146596147	-0.011790474869389554	-0.01657330220064102	-0.03897374425870865	-0.005260671244926418	0.01672310708014661	0.014509396856970337	0.024687760850112456	-0.010606824785691483	0.041125744895269885	0.011011553759192187	0.03563762297168904	-0.0027591657927064	-0.009151698724521954	0.007860873637433393	-0.006820323317291006	0.008171531993317055	0.010291346261612617
C6	0.08083000034093857	0.0	0.02628999948501587	0.40080166797648553	-0.2564950989023191	0.25648872808247686	0.0736103932565003	-0.10173841647876264	0.06925150942733634	0.34952076582611835	-0.02541271160736352	-0.06275413845587878	0.2774278331274909	0.059087026124819635	0.01256017464324335	-0.058538574513267494	0.03084674829261022	0.11450835672202798	0.015132672238835762	-0.013560129716448264	-0.037239997758505845	0.03265076597886291	-0.020123415210265595	-0.03957696676902955	-0.07154483544350156	0.15658999280463243	0.08629932698385116	-0.04219666938799771	0.12577123739504678	-0.10678088141708832	-0.0036134573932197628	-0.0017404700439342844	-0.0975902769433973	-0.010743094597615058	0.21715053226377903	-0.01723471144273386	0.015534984995350113	0.021713272448992755	0.019365335520238357	-0.10172338443785886	0.0010425928699816366	-0.0016098731452311584	-0.026413576450079572	0.005578664653065672	-0.005671462308993581	-0.000997925804403912	-0.007293281081499484	-0.025135205666604477	-0.007266327708678792	0.008167764110738438	0.00549577265607815	-0.0165434914776378	-0.03807537648887784	0.04644145477046588	0.023269987744368982	-0.00936381905764332	-0.007745708279976144	0.04192756355814751	0.012367416298153449	-0.005343269507217849	0.012187100657039554	0.017732341432911733
C2	0.034609999507665634	0.0	0.07763999700546265	0.06334055150126663	-0.1812227880713457	0.279248494482165	-0.08121086778371721	0.42892458209694423	0.1857302895912684	-0.03234068862543904	0.12128545037732381	0.06093831891338072	0.05980244728289908	-0.14541292882537024	-0.031230210424188137	-0.015428214316858462	0.020717816519847866	0.025064902926226436	0.04106131061418097	0.037040175438837024	-0.07326110326298128	0.10063711667629048	0.0028930754210559372	0.029434488986712942	0.0939509401662879	-0.03841817031589505	0.04383820756734215	-0.02734131581194965	-0.09780212304994737	0.062485568459289445	-0.031676521669433313	-0.031686911229925036	-0.019117614644133637	0.009541251073873937	0.021309957141488797	-0.0020280918177291063	0.008736364704113748	0.013700052441227925	-0.039651240067038934	0.01817921620603668	-0.008447941586480724	-0.04169648273376343	0.0022880022994288874	0.00923971679725235	-0.017023255993282523	0.00033570638874609967	-0.10628601059849667	-0.0011972721436518759	0.004330100403635895	0.017129669885366506	0.022789487112474287	-0.020308332320150498	-0.10907362290463603	0.030121496186706384	0.021720915463784678	-0.1861388581170435	-0.028475329444157288	0.04976114994275177	0.00838580382534024	0.006300841570409289	-0.0010220396493992704	0.006353904334915829
FC4	0.05926999822258949	0.030959999188780785	0.052469998598098755	0.4825240523882689	-0.018862965914646663	0.19046487578648957	-0.11493640755689469	0.16478364070904708	-0.003621253051130897	0.23064103390329269	0.10876671925288452	0.23958766701546338	0.09069990409474388	0.051426903020340226	-0.021366247743320032	-0.029999835215149234	0.04687167235587248	0.06063340516797923	0.031778267991617655	0.03959762493472707	-0.079077042731208	0.08609397359609597	-0.027419700157533373	0.03116821311675249	-0.06140635270918596	-0.1518577369621492	0.06555961527520521	-0.04488464123799654	-0.06310669291423217	0.0516727545418113	-0.02321363577184906	-0.023200259394208143	-0.06724025010164345	-0.013004170870371572	0.031150871166146128	-0.012512422984290977	0.006835844034915775	-0.004652394857395571	0.028712752721110256	-0.0422748100201989	-0.00409776538133898	0.001901510565214723	0.004627871320530686	-0.014023013459621867	-0.01797385498954175	-0.007617856671378845	0.01139696936147153	0.010428142245398401	-0.006699933989300168	0.03132177456633782	-0.00406422031949491	-0.0075074767080688	0.00711308578234611	0.0709598748629932	0.0034948562850764062	-0.025270605090214893	-0.022998463918102986	0.03220476999097475	0.04497262426768614	0.01379462700673108	0.004148762514570528	0.006714271399835783
FT8	0.08041000366210938	0.02621000073850155	-0.008510000072419643	0.9461886630704192	-0.15256500092453765	0.10196289042565428	0.057977273387475416	-0.17175850336134485	-0.2652309831336749	0.36053635560050384	-0.8781729537698507	-0.0224110084636268	0.13170864568912047	0.16792071069283993	0.016121806887662363	-0.07061536192432082	0.06426034106201685	0.15471711247357456	0.007101483578641933	0.025052996770316756	-0.07411325709111198	0.03434350048467765	-0.02099747151624121	0.013005537134531175	-0.10733571252799255	0.09210119765882298	0.0009099465103512032	-0.06529869304931388	0.06450686933427781	0.11627285889903673	0.006173070712946389	0.019560551027247623	-0.0993349979469119	-0.17016797583552948	-0.043265474631710314	-0.018319560178593312	-0.019921696152528656	-0.007215511967667431	0.07271091816304918	-0.10956522174193563	-0.00198550309237827	-0.006105725038303794	0.010068168249113798	-0.0002559988471725954	0.02397390093904509	-0.18654453802838483	-0.02276104852758191	-0.030626025474447083	-0.007060675583638079	0.04034759459363365	-0.005548000827671417	0.001002520212424776	-0.0033617945625071307	0.07699314473842914	-0.004114247220568446	0.024703042137387166	0.005462671887111638	0.03384340994868578	0.06504660771533206	0.023712197196661764	0.0024150236288316236	0.023730514404096806
F6	0.06304000318050385	0.054030001163482666	0.018209999427199364	1.3415743349177465	0.47304716494083815	0.079410631202641	-0.13334175534437567	0.021923837744534744	-0.188823358494127	0.2548396591529147	-0.2192978416406676	0.23475716445526884	0.053793502061520775	0.13471418751495512	0.0017789218412173394	-0.042849289064365075	0.07241705048702972	0.08551026396002953	0.0016951632281807872	0.022541215677366826	-0.10777586173147943	0.09013329204034522	-0.03440724142701857	0.0009137185614328328	-0.08246557919344749	-0.14312447405801274	0.056208156553777755	-0.04332622792763703	0.05929842848852267	-0.08245784906316925	-0.02797306120382896	-0.02218042578923116	0.02140739436199006	0.026852310674222092	0.020964455529538555	-0.006866112155801263	-0.00014163315731992784	-0.028067390829259763	0.08114881848121236	-0.05561653149725569	0.0007719151213413333	0.0855999167344641	-0.0232635534169228	-0.0558540272236274	0.03173530002183178	0.04870709326668762	0.025209634123241852	0.28252180275243455	0.008822909948248352	-0.042677712647187144	-0.021597116742138742	0.016111643583426666	0.010619217478344121	0.07027179953865674	-0.025876915989518717	-0.0031974475583400838	-0.005342683822023029	0.0234468072730228	0.04797111688078234	0.023247572481972817	-0.005021447870842181	0.018667835828381774
F2	0.026030000299215317	0.059870000928640366	0.054430000483989716	0.24071201423901778	0.24734992637850992	0.027259960583277933	-0.46344415716169374	0.2839709156554709	0.021881972565574403	0.14155634585831994	0.10389193566949162	0.44090648137169686	-0.020984077793868433	0.018486283473066734	-0.019402649734428717	-0.029313153578753012	0.05967026633692158	-0.06362318486550322	0.014797852794920905	0.05344830397859448	-0.09768078657387862	0.10168909324658236	-0.009802282964440943	0.04889943621435477	-0.03121093882629406	-0.08628924218349608	0.05223234963031268	-0.04352197504881742	-0.010788627546307564	0.03352777566366965	-0.05618450523321168	0.001963511677556428	0.010873905549483047	-0.004623268175807565	0.010401874257155472	0.017427847917016816	0.02162174104933321	0.00562231700809193	0.05688718601623254	-0.028018241231505026	-0.008194043306264033	-0.016900213242078653	0.004288085783481355	-0.024119485795744293	-0.0044299000865609655	-0.029750601536064222	-0.011404471416451236	0.025189762853227382	0.008522847212593773	0.007887939969000718	-0.02863072926738737	0.002502749596589967	0.026031225300172444	-0.05617435500727876	-0.0375126834529427	-0.04006019667537536	-0.034947894856872906	0.010190641976034871	0.0009761147802012698	0.008273726296781962	-0.01827684906050335	0.007313214946992164
AF4	0.03147999942302704	0.07615000009536743	0.02085000090301037	0.6320093876045755	0.9613964567304542	-0.018560687338930622	-0.46542091895196913	0.11488374063155354	-0.09741068352236493	0.1715923249780909	0.07083715599167069	0.29556057111339085	-0.044770563133095506	0.07611500979022998	-0.01937527803519053	-0.024917738593097476	0.06799523281086613	-0.01675793628878566	-0.004963806896453806	0.0373762243089686	-0.11447888790566293	0.08633523097024663	-0.019481795040167404	0.03557794207524961	-0.03565486525901533	-0.1191886094318806	0.056518981293474616	-0.03368806195947791	0.039431783911298535	0.03579314199128344	-0.029002687227228065	0.0022792023078302016	-0.013855911095290894	-0.03629950481086836	0.007100647914972027	0.011285074665368126	0.010911911878281845	-0.004836535975492084	0.06617463255113405	-0.016097218552025512	-0.007738073192162796	0.15133805810757142	0.015397275470457503	0.005043109902624414	0.005324477184516713	-0.034239840989245596	0.02751527071087249	0.06571496137830032	0.011408435613335178	-0.31017554897007993	-0.031195488205513825	0.021586239045553502	0.06142489330672078	-0.002695816717621764	-0.03619745328388358	-0.008594990427477156	-0.02621549489943128	0.0019916544472429066	0.005904205555670277	0.025767537667384023	-0.027520527935200097	0.00844041330365993
AF8	0.04966999962925911	0.06871999800205231	-0.005950000137090683	2.2235385375730976	1.7067072728579475	0.024067844074119493	-0.1993706149178574	0.029695301402028536	-0.15675991686720556	0.18679805429734977	-0.063497882438437	0.17429495733567232	0.016122306729712772	0.1550694985961451	-0.014077675652751063	-0.04981261875800353	0.07776266972657161	0.0834484807837804	-0.021129335223567317	-0.004429634202868845	-0.12915544535344464	0.10672498758610026	-0.03487743208074012	-0.034238451531826204	-0.04381776129250846	-0.11992738562985956	0.02818654722661054	-0.02495135301925822	0.05527548369987675	0.027901562281340598	-0.00857166417162335	-0.07677815418085453	0.07927285030981958	0.1991807638659843	0.014138373690978498	-0.0012800371300655921	-0.012712824806821739	-0.02920305617877502	0.09178486913382285	-0.021014180023807807	0.007555512856578061	0.12608532875112055	-0.016924497201076544	-0.026442412402982902	0.042580417245645985	-0.008340638664560831	0.008785629601657512	-0.1265367841816938	0.031451591466213145	-0.05883073967676067	-0.01938976778334623	0.04361856978288365	0.029181002460470267	0.025708289887184668	-0.04807004317457871	0.002683069893093271	-0.0039135107363336315	-0.012876013601353951	0.06125020047725816	0.034155006666399985	-0.007681384029372287	0.01229608384630229
