channel	x	y	z	ICA000	ICA001	ICA002	ICA003	ICA004	ICA005	ICA006	ICA007	ICA008	ICA009	ICA010	ICA011	ICA012	ICA013	ICA014	ICA015	ICA016	ICA017	ICA018	ICA019	ICA020	ICA021	ICA022	ICA023	ICA024	ICA025	ICA026	ICA027	ICA028	ICA029	ICA030	ICA031	ICA032	ICA033	ICA034	ICA035	ICA036	ICA037	ICA038	ICA039	ICA040	ICA041	ICA042	ICA043	ICA044	ICA045	ICA046	ICA047	ICA048	ICA049	ICA050	ICA051	ICA052	ICA053	ICA054	ICA055	ICA056	ICA057
Fp1	-0.02613000012934208	0.0842762365937233	0.03013540804386139	2.6229984028449658	-0.42285076041735703	-0.13929690399069813	0.046161529431925134	-0.2715542766461795	0.008668200729875036	0.07014546821992203	0.1309348145200489	-0.015249411879772594	-0.10523444738714026	0.011963422656533869	0.008663860721688269	-0.04904022526000376	-0.0753068397194548	-0.023381040737296827	0.002545199811278934	-0.0830517307883024	-0.005250156381806613	0.08471009284245885	0.007994390432504616	-0.14514224968529024	-0.05598757520170058	-0.4492423361197666	0.00922669116129638	-0.017717311056589885	-0.05389880865557231	0.007427525033210227	-0.0020720585825342603	0.01646332685917201	0.10683728096792208	0.07044024934483055	-0.014086314469771162	0.006977319316439661	-0.01961909036917649	-0.007296502721504684	-0.05213240053509509	-0.023215477093445836	-0.016158132365531545	0.0018892047097242494	-0.03304720434625414	-0.03484191623022337	-0.03298785011864069	-0.02422909981864382	-0.0036001584899082455	0.027046837641624043	-0.004061854147079118	-0.08124681278401462	-0.04276474541571659	-0.08526469961104584	-0.03661792554482376	-0.02213768141436925	-0.0034824853545768536	0.05597904946878915	0.038953038226521915	-0.031611543864623275	0.0012574077109800434	0.036332178258539835	0.0032170896541612
Fz	-3.719252188222178e-18	0.07078474014997482	0.0953025221824646	0.27012915770585466	0.006216125850861787	-0.046938889468298745	-0.24010974200706306	-0.5010478428950768	0.10382572050273027	0.10742027567275425	0.05411445560511561	-0.028292748584479468	-0.13165208052558053	0.010810746834777327	0.023759435353017316	-0.05426324250727866	-0.020821551851969034	0.010434140262102355	0.05995139858225589	-0.04559579677890502	-0.18023258858885172	0.033371015722097074	0.04258045985510683	0.011369514956413482	-0.059370293852174495	-0.013386500597301228	0.006751810469662231	0.026213180830990463	-0.04609333126713812	0.03414207743650866	-0.024755409332407132	0.0028928855416456077	0.0035766149974486286	0.014438548974597513	0.04300549787403908	0.00826500016604324	-0.044799434554389714	0.00242480973762699	-0.008476742646788937	-0.020593372341513046	0.015863822860111128	-0.009542997411038666	-0.0582670905811866	0.020048841547228927	-0.024354716484782164	-0.008630966129455454	-0.07708537518658973	-0.001997116493623233	-0.017811655869438225	-0.04805707671262476	-0.005925750003826527	-0.006594613599965291	-0.00479696339066679	0.002948128507508429	-0.02871868140250212	-0.016144444028069013	0.0165397838031993	-0.03088517124308815	0.032384166904298406	0.007425800644308967	-0.0059277815284716675
F3	-0.04820000007748604	0.06562170386314392	0.07613778114318848	0.33749328753912383	-0.4002151457087241	-0.2570527461310003	-0.17244281450510823	-0.32930231214815253	0.08104931566912872	0.09002570071242906	0.06250239950517812	-0.020464230732954246	-0.1248150849494289	-0.003387722799239936	0.014600315506040408	-0.06192593966877502	-0.11123964638637748	5.1811660014818226e-05	0.062397186889584906	-0.04206527157525149	-0.04276597034830927	0.06242141497299415	0.03368962729540724	-0.08017092221449908	-0.009375065292969349	-0.011085390460714835	0.011383413976869124	0.09588313263026522	-0.03057004489643351	0.007016616013893517	-0.014080153791166087	-0.05363062600922708	0.013840448149802446	0.008241791862952683	0.014187469476022129	0.021914284268031225	-0.03249862504484234	0.029585063801042217	-0.017079789931042796	-0.003349348386453689	-0.015467815952854432	-0.019021546521517146	-0.16626988366478118	-0.11948533912116367	-0.00997048855421542	0.0643431148277974	-0.02984519378701762	0.22157506663662707	0.01649485757895528	-0.044791213922808944	-0.054358966089907826	-0.01518114938492546	-0.00619512873185845	0.016349142786954002	0.024251124729276152	0.01677084190467523	0.010093725794383996	-0.019533666942589584	-0.004105529404860565	0.007219112638677771	0.01869024355484703
F7	-0.06842000037431717	0.05317161977291107	0.029802614822983742	0.5229525647269584	-1.3627387926258687	-0.46830586094331467	0.21055700691214022	0.03815380845260984	-0.31185458188183407	0.04882278038813107	0.13322932732412757	0.03493721169087047	-0.10401854618376863	0.10321640737740273	0.011803212689724956	-0.07265437497553155	-0.3617279312714302	-0.08921705599229139	-0.08339403211896394	-0.08424512129886104	0.04872576937854286	0.09357257543078215	-0.0016544426814121493	-0.13008602419235954	-0.01755673376496598	-0.09881407005789235	0.005526679086741542	-0.10293115333692478	-0.06999397828317507	-0.1395270878712811	-0.03941543243116215	0.3760246595620924	-0.011972110807025009	0.030073878470401105	-0.030364864466386803	-0.019027175795351178	-0.03313442259049003	-0.0021076777969509883	-0.026407810493735598	-0.009237789146640366	-0.24590011547190913	-0.019180761522809873	0.00029897889493126785	-0.07527345904878287	0.009866365103311705	0.003779962901518908	-0.008029248287560848	0.059923211148316294	0.020021747448630587	-0.05615296382877414	-0.03720496982043806	0.012681661798793726	-0.02021388217281788	-0.04061064776350171	0.0035775937441454415	0.06580656610850302	0.022128848324343156	-0.008716942714917532	0.001921596921196097	-0.002364172570782136	0.006342968729382705
FT9	-0.0700799971818924	0.023225082084536552	-0.0019200874958187342	-0.49705675784415976	-0.9613665813673947	-0.5383389818495962	0.38617344756235245	0.2605686893913786	-0.45885182981750555	-0.1083806367667812	0.20014813456438757	0.04065431206139098	-0.07401549718296457	0.04912243006549058	0.018886517980664243	-0.07287436130721776	-0.21182332085727035	-0.15756992108079776	-0.7319997198597364	-0.10218315138797512	0.11680521880283751	0.10494308987687725	-0.005735763722040844	-0.08495070886000791	-0.04204057562645392	-0.006347850554277035	0.0027663280839081306	-0.07181038394011541	-0.04547682385315442	-0.0058846354082593595	-0.028389965516003268	0.03717598358725461	0.05307329316919206	-0.008810646637303467	-0.010463698298813917	0.03454254289999387	-0.022811255110351574	-0.048655685092782786	-0.026226336815571606	0.014650283898269978	-0.010060530811336751	-0.026412031972812555	0.06410005622825335	-0.035469670226004044	0.01489257015590733	-0.024182800856585335	0.05564014425476762	-0.025648555284943572	0.0018063212271828052	-0.012144271357128525	-0.0012596864787638496	0.005009378293517208	-0.047597548795471505	-0.06392757399781963	0.014650828595751134	0.030254424407410406	-0.01659940732801543	0.005964345706986163	0.00037488285881043324	-0.023726186367565197	-0.001767369943451184
FC5	-0.07625000178813934	0.0353860966861248	0.06344281136989594	-0.017701243969899246	-0.690795684705116	-0.45064171946918663	0.02968166320265639	0.03146252654865331	-0.020407354159688747	0.04839330543165119	0.0715388018271695	-0.004141107077843191	-0.08853609238406185	-0.0020269613744964953	0.019089227964414635	-0.058988301310277935	-0.20566793659501847	-0.028324631594695438	0.01630853116931177	-0.0013169722713055737	0.03654087752371022	0.0753231250164536	0.025947735498279927	-0.0435480247054619	0.011237452006261276	-0.0010244689656227185	0.009922682900254304	0.39779512039510556	-0.0417646334615314	-0.04584516991541347	-0.024320372721875157	0.06418369993098476	0.01840944358750898	0.0060004318906382755	0.0038043703580738918	-0.010249135916871025	-0.023275731713701737	0.05354024919102157	-0.012724089011903169	0.009249465628574281	0.024018613837755446	-0.01989635060228469	0.05022676880872953	-0.07300593871494984	0.0017613326774249816	0.05537923497066524	-0.03294425550255175	0.04925478111186238	0.005166603726839193	-0.031144229541012543	-0.038777476621296145	-0.01531793524933328	-0.042463031822283066	-0.016088432644534512	-0.00218639317276188	0.022399642879618823	-0.0013467119583131285	-0.01616280398757583	0.0007886835080032707	0.004390580769030663	0.007456675918529301
FC1	-0.032349999994039536	0.04386397451162338	0.11025384813547134	-0.09172649039324764	-0.18697630096088946	-0.07504781997629988	-0.4210826140178748	-0.257146804495146	0.12042352193901884	0.0764112319260391	-0.016494822575133204	-0.0302203276767755	-0.1358381246951587	0.006958242005365343	0.015032886080149716	-0.05168877842468446	-0.012664565023476326	0.020695652822867654	0.05509218166421339	0.016498130463268233	-0.05061462413653571	0.05364032767798791	0.04571664713491205	0.07672179553727962	-0.04431651932421568	0.007202122178729733	0.007183546867304114	0.0527878333623576	-0.0005656057357147022	0.03630962072792006	-0.012365244681934116	-0.010925034797837095	-0.021588053622939037	-0.006784224067878925	0.03307215430752819	0.012690618546092521	-0.03428930085855695	0.022428506463606203	-0.0010450383582367665	0.005059528184061803	0.0005816790704108713	-0.011616965400710406	-0.08683394869333369	-0.07673397302195964	-0.011078584042391877	0.04789844843786602	-0.10019602974230932	0.010752846437324362	0.00060907967569981	-0.012901935492445626	-0.05695290094331848	-0.006630290997685768	0.01591877880685724	0.009531366283694283	-0.0026008239085058677	-0.010783643635733392	0.015876949054144076	-0.018311926340701043	0.01738564655126275	0.006420065818611704	0.008634498200354997
C3	-0.06317000091075897	0.010095750913023949	0.09889455884695053	-0.2664125873539088	-0.30602873380954954	-0.1802516030506379	-0.2319862052001007	0.04516189225113946	0.12036338557933085	0.022456557029899307	-0.043413771363703516	-0.030427625584675017	-0.0918637195814167	0.01173583440225305	-0.00014667648431716896	-0.033367242682576286	0.005420212569195057	0.03467151314570453	0.05496535466295557	0.1574359648010856	0.0207622677755848	0.05961227326183528	0.046007844107280406	0.03603002290305132	0.03533133600172051	0.020398462635394403	0.009627302229927439	0.06259697556778228	0.03346385487126984	0.027754238232771684	-0.01187692340747907	-0.010188830799273125	-0.013516233094691571	-0.026452757352575056	0.010590802476962789	0.004978172669441977	0.0025737718911380512	0.05392135842556731	0.001527749380803754	0.018005329333234628	-0.0035331211043535156	-0.00912494975485709	-0.07029695699701966	-0.04230524457205346	-0.003056686786408651	0.11368922535026729	-0.030104242829172418	-0.0126222225532012	0.015463655120188482	-0.015841308145119876	-0.026896676234740163	-0.010127992948628406	0.01060861832078175	0.03575606053742986	0.02197190121138053	-0.014907151185806529	-0.23605648289880102	-0.0006016298783504642	-0.004693401834879309	0.00904018488005385	0.007057847029121897
T7	-0.0845400020480156	0.003421346889808774	0.033514354377985	-0.40977158356438115	-0.5347768726668192	-0.545047638462796	0.2127809601719034	0.25639048537931275	-0.07305681806315029	-0.09449760551019744	0.11187007103102306	-0.005444663918057894	-0.010263859082547552	0.059112181391578394	0.012406035852762405	-0.050429171914737274	-0.08325222895558948	-0.04704940433630896	-0.07638615387331409	0.012191956418184335	0.08317520102732284	0.08924017294222232	0.04324766522203241	-0.010131052757914512	0.04875740271665275	0.02379435969948199	0.010594022530970323	-0.04423084071398261	0.030868662248611792	0.006075914546659991	-0.030685039084409626	0.017404607038164106	0.035963268911374136	-0.027661043001327216	0.006307954305135765	0.021628582261057665	-0.02997004769076971	-0.4023850366439608	-0.025088574907243668	0.019846586421683438	0.03367512503795866	0.06220577976141549	0.06431704608978568	-0.015544733884150144	0.03693231061492659	0.012276340184532018	0.03417156271989477	-0.03465749446057961	-0.01074273910481719	0.0157124381806734	0.004738149151544987	-0.008269862506359188	-0.08997145239994805	-0.027315369400399706	-0.003416238114836336	0.011254562080426639	-0.015497347759511554	0.0006180729450917525	-0.0012468174115150617	-0.0024842795235502746	-0.002677840396193892
TP9	-0.0700799971818924	-0.023133976384997368	0.0028125240933150053	-0.709919777476416	-0.2652303440791696	-0.23522452162139199	0.38016333362123395	0.3021676590806914	0.03543081241728222	-0.36753603007465574	0.21089705393441277	-0.024458809797115188	0.06029600645652301	0.007142007762039831	0.043228377132370086	-0.04689105020677709	0.04153238979909917	-0.7611721586974607	-0.13542913892708866	-0.062739040940224	0.1386306845961425	0.12989725185909629	0.056666693168352086	0.03636006362076957	-0.05174389035998962	0.03980332118730409	0.016391942139239685	-0.038678061190990584	0.06353311936394103	0.02136040335866818	0.01680698046948833	-0.0037251538578960586	0.0023645719457806515	-0.030355098881546375	0.03621007474892301	0.025440572984701326	-0.0339671132273941	0.01754178821867556	-0.007064991206530958	0.02867878385138901	-0.013493587924509387	-0.12996671372946508	0.054491851352775504	-0.025936361959488844	0.052056188020656785	0.001937321072615294	0.05706906870039976	-0.01469084562614184	-0.038389448370333853	0.05074765239606258	-0.0018166072420787369	0.005559786869433305	0.006589664455788924	-0.09775203674143443	-0.03340970691329952	-0.0007263921584712168	-0.024557138979158774	0.009699018969033682	-0.0024807794439615544	-0.022902873523656057	-0.0008288096894996929
CP5	-0.07625000178813934	-0.021836500614881516	0.06928443908691406	-0.4233987459194071	-0.3034708073609381	-0.3625059111436467	0.06223608445040946	0.20724239654479926	0.11536433323787332	-0.1337899471426543	-0.029535273358608817	-0.036929778006415365	0.04205307225748584	0.019472928123964124	-0.0005537128163635634	-0.009046984253214181	0.09000849177563633	0.06205526494328088	0.03778613894777577	0.13643492245785444	0.06518495532089266	0.0803946605786894	0.06989943538567603	0.06753166370819247	0.1301287120656091	0.02974448904450273	0.009391122789410223	-0.008033325395399657	0.06458225820554175	0.0314472941999766	-0.02040929265219813	-0.012685395021008398	-0.009370989098988139	-0.039639679085816726	-0.001900103876337385	0.001915167304740477	-0.006130373092210883	0.04567092348943231	0.0009784515923669497	0.0201604388030668	-0.016547964017907143	0.022246569662311075	0.021971632418925868	0.0273674047980258	0.04893088715504418	-0.019515721567574588	-0.017540207768321495	-0.056173624129471335	-0.01710722504299289	-0.03459461257409081	0.042892452347393334	-0.0018807198335132602	0.04684302688563544	-0.006480253318774207	-0.005318084238424071	-0.014190822316326188	-0.003604195372842242	-0.0024148711008668534	0.009281625050553813	-0.0027048066154701992	-0.011332013347594424
CP1	-0.032349999994039536	-0.020680569112300873	0.11684294044971466	-0.39420764448628964	-0.12113803187562341	0.1362895616682029	-0.2592223444829087	0.07239720888133142	0.13690467052537955	-0.0659272015780235	-0.25854915424736696	-0.03755800667029582	-0.09455032277312998	0.016859105403619873	-0.0026905297599320575	0.003461781035689464	0.045463538704284524	0.052807053337781025	0.04009620351505734	0.3284632195486852	0.04305156647643033	0.02987624124266864	0.040895447265201314	0.08198880782688928	0.06842872983820647	0.029776244315882303	0.00810574299114315	0.00227906309617625	0.05790726396373175	0.041959969559525884	-0.013746876532741637	-0.018297018388294575	-0.015371182225737497	-0.03564239430498009	0.007122800410732909	0.0005082573326788393	0.026698729712095352	0.019569255602879452	0.008145078310851952	0.018913546007784842	0.005180003752136871	-0.004709266550299194	-0.0025012289739626712	0.048218949153182145	-6.693505983817799e-05	0.019384273408858087	-0.061924945005802444	-0.03492344805572859	0.0037639008583330792	0.003696337616961019	0.015103555077058099	-0.0051161003384603615	0.03446229831070185	0.021155296024879432	0.009026114836818111	-0.01933762264192542	0.0051091310830837615	0.014655043475598453	-0.00039096217909042875	0.00303166818963283	-0.009499204908207208
Pz	3.719252188222178e-18	-0.05006716400384903	0.10763981193304062	-0.47295473189800924	-0.03121847829347939	0.2968463551176767	-0.0904673981844859	0.10291897524583499	0.13684899178534998	-0.14356038172703708	-0.5328968921412011	-0.039093574613153353	-0.04957155157907394	0.01694063917545188	-0.007865681005601567	0.07127311391523339	0.04633554576944882	0.06592833575154441	0.031609735084883565	0.2051001895482619	0.06267312226360984	-0.004753359588801676	0.017135640663131984	0.10399001065962511	0.05236223051975952	0.038888635883920185	0.004086116289300423	-0.015777364168349656	0.07083847527859022	0.039050908240340736	-0.011516727435852199	-0.024518092362336746	-0.008791166910965084	-0.04118210648498659	-0.004656017098162777	-0.0010103118629046321	0.05351364507379284	0.0067026550925705685	0.020594083082341307	0.01979938854905339	0.015085098320049761	-0.008512302862082445	0.016605379733781542	0.12682722791954365	0.010568705301375566	-0.030117614734555775	-0.07258217109264976	-0.05627415798426885	-0.012217336153814231	0.029418637357297377	0.06028212748919138	-0.002585958000058679	0.03109552763463646	0.001335614307778637	0.00338492066676921	-0.0220050799349214	0.014183354877697249	0.014272280878492147	-0.0005511839348427702	-0.00417028350793452	-0.021670681580038823
P3	-0.04820000007748604	-0.04888318106532097	0.08782712370157242	-0.4773906810685456	-0.13648743197910956	0.08814670070094802	-0.057500584316992974	0.16950575724149308	0.13391308454350695	-0.23465352611970625	-0.24168941374227193	-0.03976188094053546	0.03236154548521797	0.018300760933712083	-0.026952543813206747	0.04128427095693681	0.06546288508011079	0.0738606668242337	0.03308590245260639	0.22937827378737477	0.07888699503900384	0.04789964655760033	0.045189975407210065	0.0731416249865486	0.3939799319623867	0.038148911044978216	0.010389108395848598	-0.010086560129523334	0.07469861669038978	0.03723061026617408	-0.027115681866948474	-0.025892561262006928	-0.0040625385448122536	-0.04568900465538229	-0.032786045470201704	0.0018645172129737066	0.04770441540477947	0.025112237517936384	0.005721529127365681	0.02445554081897626	0.004387360410474638	0.00030002244218148234	0.017958528493318082	0.037666490875983324	0.03465670769559015	0.04362128788724378	-0.03735256288355928	-0.04037205368773465	-0.0001640437077857995	0.009519882579611026	0.008358382374796084	-0.003080786536067923	0.035878277817591765	-0.004410874585799355	0.0028308072691786163	-0.020815106525786543	-0.012469256259653796	0.012597755483544526	-0.008425436201820362	0.007090162004141789	-0.0015560111433852778
P7	-0.06842000037431717	-0.046052686870098114	0.03993203118443489	-0.5663523346727797	-0.19806134792757832	-0.10460959810881207	0.23788849812405125	0.2658782185726035	0.04633944039444281	-0.4773740861055844	0.09756286596476145	-0.03918600690012246	0.2046251874383095	0.010399640307156453	-0.01163182473771361	-0.007039783410269807	0.04417667560958468	0.05214455671463309	0.004555097620896994	0.060539417826922806	0.11386779359673314	0.10504550714847845	0.08076953944488238	0.0815212841285017	0.08926178402871372	0.03845427363954888	0.017255932653837704	-0.022341491337039065	0.06520079984572272	0.03168907578598451	-0.05524612640098838	-0.021986195806312767	0.018254669041576667	-0.0454188167124662	0.002781899678462662	0.002764938920451081	-0.029627615401425295	0.0033020521334051287	-0.02785353661556644	0.028904939092654017	-0.00890226456304459	0.0616042119644681	0.03475837968738705	-0.008623577351004993	0.07990066690301673	0.045447781720483485	-0.00012894545741007053	-0.053100162165824964	-0.025596443881492226	0.04937553696014294	0.025746226065313002	0.004139464754038271	0.031243917992660304	-0.07018778256267291	-0.03801876884730147	-0.011202354775253824	-0.014213107169538362	-0.004354762188635924	-0.0002571489845792484	0.003028770960598193	0.0019209234983490239
O1	-0.02613000012934208	-0.07644843310117722	0.046543147414922714	-0.6101627877546419	-0.03485730255831164	0.20538646745131095	0.19948399873291198	0.2194299439850697	0.016281899165984475	-0.414800911678669	-0.023704614324193754	-0.02009402606776311	0.17008676980813864	-0.010923121276256628	-0.8802744506081728	0.1979254139370237	0.04114598617012621	0.06303820012436595	0.022236014422403937	0.0019443343234568447	0.11902726266045055	0.11953652416180098	-0.008691425679203495	0.07001548924801716	0.12516037889137488	0.04753276379413791	0.014907719037889998	-0.01438763081573243	0.07644528974016745	-0.08515927028790625	0.009972285808766952	-0.040840693507492996	-0.0036424567542700913	-0.05210630566179946	-0.1900042462096504	0.017127454657740276	0.13565224940546156	0.029428370603904967	0.015409735669026745	0.026681589777602807	-0.011057837496369446	-0.021958459941333573	0.04034784049291732	-0.013766842978320669	0.08145114748153842	0.007682150329847757	0.029908249874262834	-0.037143170153932537	0.04681926502212721	0.020716847854577985	0.012813420390441943	0.0007929953517430587	0.034514678637868106	-0.026855480307652	0.014999291769860139	-0.008318511651533819	-0.007183272326555515	-0.011568961924028374	-0.025766578579425072	0.022736678963205654	0.008993633549259843
O2	0.02613000012934208	-0.07644843310117722	0.046543147414922714	-0.5922149865964839	0.05553282796075213	0.2747324186019669	0.13645543177370967	0.17694501488390568	0.01613903273677458	-0.20080456528712304	-0.15551860026111142	-0.01701158075611226	0.22573836147279946	-0.003365226763624315	-0.02407783416380917	0.49210661729292887	0.05822134302020873	0.018972025272690027	-0.007395660835083066	-0.016453434520077522	0.10276130356980169	-0.08197652426295499	-0.20879650074753708	0.06172753253200252	0.0036694880839617844	0.039167264612294334	-0.0005969056419426726	-0.020104447970080524	0.06013158010842661	-0.06517020601180076	0.07283982532951264	-0.027640622880341626	0.016531666867804065	-0.04339641335298084	-0.030193764694105087	-0.0005320432913101187	0.09941531305986234	0.012359408182363092	0.07708344154991054	0.02576884325566866	0.011666205960470511	-0.014624698586961906	0.02766737654260143	0.02403886576611863	0.03549220203002087	-0.0052384725720405305	0.020665347188649433	-0.022927791146535356	-0.03785110485840873	0.037923563806871556	0.03286876513385895	0.0014709894898934802	0.01678133921043392	-0.0214823598014412	0.031642266686130655	-0.010285459040428485	-0.008387375609809662	-0.0014117417012678875	-0.013131737114651551	-0.0003826324030462593	-0.030954906134668652
P4	0.04814000055193901	-0.048910994082689285	0.08785007148981094	-0.48708710843196273	0.09135623915590582	0.29521130429742237	0.01952505866044119	0.12816426072040266	0.08897530981827138	-0.0492713143823511	-0.29109317501511195	-0.02733767439895135	0.23686998898217876	0.01148995059482123	0.004581209611303032	0.11403730594532477	0.06732046570662811	0.03426514768863788	0.019320528200322876	0.030355941660066107	0.056563602208580525	-0.31952429369036406	-0.06205349902640246	0.06988925833418916	0.021827007405125883	0.040475158335960625	-0.0050945058533330674	-0.021589503967594095	0.06276593425043854	0.010929765373568765	0.02013441474856441	-0.023190312367195647	0.015814102263381525	-0.04080092076140625	0.006241375725582071	-0.006751740361431013	0.05463038047196481	0.00541441278896899	0.028322357257069327	0.022096188025553704	0.012972436478363021	-0.006508914451875857	0.03189221132554762	0.08544737161209182	-0.017004009705127002	-0.014827570446882703	-0.005579013269709008	-0.03376237996842424	-0.04191274908287375	0.042514136633531645	0.047225261878297425	-0.0015242952828341677	0.02695545351678588	0.0016517295639462317	0.24153874835660874	-0.011405164832928848	0.01100079130749994	0.015972711303563203	-0.0058523479451776435	0.002734514450026574	-0.0011142604380145627
P8	0.06837999820709229	-0.04611237719655037	0.039938122034072876	-0.6137970000230638	0.17553297087985312	0.273703611783301	0.2666939056158397	0.20738142010978194	-0.06389050914167821	-0.03216978895829732	0.07132359998934458	0.0005558292532307238	0.3180464792888989	-0.0021533154319217118	0.03786382275264353	-0.00418308731462343	0.07795079355343003	0.002745790141912695	-0.039629345403873605	-0.09759191429829923	0.09258236115910619	-0.07634123561722164	-0.1735940987012187	0.0486732378181093	-0.05211385155219892	0.027195345115426987	-0.025616952146155194	-0.027314039791685615	0.059956426575395856	-0.15300846321322834	0.19632569973026706	-0.02998035607610414	0.05366182190314162	-0.039373852278281704	0.01061217156342064	0.0069002208857124854	-0.002818029847305522	0.004732628655979529	0.3820782637546137	0.020963794926891956	0.017615429991765328	-0.010791072703706538	0.035879398115818036	-0.0066639253088162315	0.061173791841500624	-0.024409267059760525	0.08207046985019212	0.006640151962734867	-0.04286498349613733	0.06868648899117316	0.033128505622478654	0.007106235541930007	0.004729957394122383	-0.022471434955422438	0.008845598988438503	0.0034628025674366667	-0.007980096150815949	0.0076648937542148545	-0.008609272185300892	-0.005001457451216349	0.006466030067850474
TP10	0.0700799971818924	-0.023133976384997368	0.0028125240933150053	-0.7542318913852617	0.2973125402433709	0.15459231299890128	0.3771480758152779	0.19859263636825608	0.07000355528318619	-0.01169230123835097	0.22153762658084816	1.1026981945619354	0.06909037978758316	-0.031984236399275355	0.05846527002471964	-0.08105001811480511	0.1162194892673	-0.08088747686805776	-0.13678926641445377	-0.15648954280752395	0.1352048757984636	0.03837175014053571	-0.0300002061271531	0.02664237933562451	-0.08014564074577729	0.016257511948415872	-0.02635038202061	-0.013128949865678969	0.032230754881640906	-0.07016778918287711	0.19425628757863758	-0.008426086364895103	-0.003229960496067785	-0.005613930996444609	0.004364259457189808	0.029796176739529633	-0.019698829977221423	-0.0012427457997950789	0.0616481482230147	0.027652563330370535	0.0018862513565434422	-0.013744313351131507	0.028316713907645518	-0.013138562113036453	0.062201158516957164	-0.035338424636439755	0.0646837169620385	0.020376229536007727	-0.036135512629093806	0.07685828982176558	0.019389867098838307	0.009273882748266854	-0.0054882310622498195	-0.04991434032929395	-0.01850097342762732	-0.005450811695580422	-0.027128742102132383	-0.001384691478128233	-0.00835491975890264	-0.00988562040203783	-0.0014973174015330977
CP6	0.07625000178813934	-0.021836500614881516	0.06928443908691406	-0.4653188683539248	0.2487639361217025	0.2591916372241236	0.15700605633335335	0.1465808769486046	0.06443515738060428	0.19771003195192838	-0.008064481212275673	-0.023658325141380592	0.20479701065147402	0.016753891875087513	0.028490453552692092	0.024862098844673497	0.03632323055215119	0.037277634064528005	0.0010663917112854627	-0.062489560135980025	0.04986069698567303	-0.17418317462941244	-0.011009656347174875	0.05818175476563266	-0.01940871722097918	0.03447664073951228	-0.09221357000109721	-0.028032863641589092	0.06088820087899685	0.07530325102527945	0.06849258932409133	-0.022326440755997913	0.03847367631057353	-0.0295766310105091	0.030436486503195383	-0.001490539766848565	-0.015059580469418788	-0.0006243117441076785	0.024434197956247166	0.017840993168311062	0.003098336815978264	-0.006548053199522753	0.050762508485018586	0.009990026456213894	0.0618077271071536	-0.03709178064299465	0.062389432661459014	-0.010654290812245643	-0.008753616014892189	0.03805768949426125	0.04304936440192204	-0.005295074895318446	0.03820519362202279	0.018608254081919573	-0.0010048001558113338	-0.016602303221515752	0.007930592476222399	0.023718754238531314	-0.0029515540916465227	0.002332792883533329	-0.003117521939568473
CP2	0.032349999994039536	-0.020680569112300873	0.11684294044971466	-0.3798654092646781	0.048606372973899616	0.2704734192182011	-0.22656416188301115	0.04808618823002517	0.13591994308411579	-0.008411453524040404	-0.27056267393282174	-0.036531817668732376	-0.06096025482780195	0.0232711416177574	0.008613526276424458	0.011531757345710469	0.053696445168823416	0.048286461671352435	0.03059362380235508	0.13555987656984797	0.002705148577705648	-0.14393216833437705	0.015868310760374333	0.06283711907696356	-0.02318429272310884	0.03200901016518901	0.010294838723649325	-0.013185593254982511	0.04470683668716805	0.047509758268965564	-0.011714278389086246	-0.021874999531574343	-0.010933569686314851	-0.033612720951172355	0.021089072358781095	-0.006799337403555489	0.01710821121059962	0.006947167973665033	0.006947616814493962	0.014545998074577206	0.0128904609051864	-0.006129261927253619	0.020965934154147405	0.0862971588441547	-0.06079934147660471	-0.0156369283869915	-0.020823694989150005	-0.023684301535749373	0.0026833279395420103	0.024528069036705864	0.03822555687987574	-0.006508066385022386	0.04168892666712365	0.0469944486113731	-0.007468324276839588	-0.01783237190418344	0.012712275274149988	0.18946699505607786	-0.002616686621423544	-0.006164216618922754	-0.013036128677573434
Cz	2.7591791149676144e-34	0.012952582910656929	0.12687911093235016	-0.29087192576306053	-0.04813682792092116	0.17369209457206594	-0.4919209652119207	-0.06358368901170876	0.12817450137110978	0.020599488475360823	-0.12056613748926664	-0.03720893511449781	-0.1324324294703377	0.013697655915859967	0.015426730386242005	-0.0326064260098319	0.024321052109047926	0.037470646330972246	0.041806232540102455	0.1246637105530879	-0.023812297786446168	0.004764605783370684	0.037836286625077646	0.0717529467044147	-0.06646949077601043	0.022104015765929665	0.00860996117024394	0.0041448109479163	0.025456620564324094	0.05350099957063356	-0.016957148706263137	-0.013645796157584655	-0.014227259330763471	-0.021261109370100235	0.028259105060659147	0.0024372656967119816	-0.018621232473441378	0.01020841857877931	-0.0011564602902129047	0.010534908676818396	0.011231726351277222	-0.0066395727949722545	-0.011269326545314335	0.12008166629978871	-0.030866570395424137	-0.028530479313511638	-0.058803265440082755	-0.015098288535336651	-0.006392231195393409	-0.003461530757453178	0.0263736513871296	-0.00666097603505022	0.026247939574387917	0.017537788823034937	-0.022238094514296758	-0.019296068901033383	0.013064695688450922	0.008007418494179033	0.004733924530316692	0.0063347450415213065	-0.01935027305343573
C4	0.06317000091075897	0.010096766985952854	0.09890450537204742	-0.2652555711252336	0.2689995504521497	0.2131323066116763	-0.08738753497260873	0.004461619990037835	0.12918290966315282	0.1669894938645824	-0.029408606442614206	-0.03792319863740008	-0.03934469764732444	0.030201210374506425	0.027681346148133102	-0.02327264202203909	0.06693481990706422	0.04794175611529298	0.03570607125859585	-0.015293585088056944	-0.05017638999446993	-0.10954333284519167	0.03664242823153809	0.05355669034816038	-0.046523168286900056	0.026517166318124036	0.05512363939994537	-0.01547102177314291	-0.014882902112566196	0.04753785355659128	-0.029187237214385504	-0.018483020174682535	-0.014272498501606203	-0.008899225306590507	0.02944406964725666	-0.004441261769731764	-0.030212803842113372	0.009131276955473907	-0.006222436522631996	0.004526133019309835	0.0011962109006604129	-0.0062508170800867156	0.028928471920440263	0.03905633991587431	-0.1973245059920376	-0.03460221000955413	0.016458948345751477	-0.005909885780180771	0.008770635462564591	0.01899959423850026	0.02318245332769951	-0.003579998181303503	0.042159696154278316	0.03135802101153615	-0.019939122477960834	-0.02302665819392573	0.011594827603327978	0.024919086925644308	0.011659631064236481	0.004714977341710808	-0.007348540138193917
T8	0.0845400020480156	0.003421346889808774	0.033514354377985	-0.5078873372438625	0.4804257136185467	0.16612585872706268	0.2953048792302501	0.15579209005234046	-0.22772418894258928	0.23743796343896711	0.16635276326881976	0.043683455977244566	0.028314272770216933	0.017229757843191296	0.07622039138988027	-0.08204259485073678	0.14779606590526922	-0.021512386699219878	-0.08639250482724255	-0.14209783242664684	0.08832402708169222	-0.08778628686169171	-0.008532090698723325	0.020681356642564968	-0.040188260562097754	0.011368660837617872	-0.4931634430341349	-0.025497663088793324	0.022923691583759155	-0.2747815275724335	-0.04058878124788319	-0.004093720893954344	0.011389063255626395	-0.013869618044946352	0.016271447649532953	0.019298034053626806	-0.03786936521765562	-0.0414492498881744	-0.03239468796095595	0.01559181407262191	0.020172706489468804	-0.00013207260676766124	0.03274895456196906	-0.010563483595847465	0.03712662327619032	-0.039185447848879194	0.07894402262566125	0.005061784901601437	-0.008625554508174251	0.013297875537860132	0.023209833204004188	-0.006049496484790513	-0.022509287560500815	-0.015229836580142611	-0.007231765788466343	-0.003454510439096458	-0.008253659566603727	0.014410014492886286	-0.007795464203390872	-0.015317755060873179	-7.604898766293412e-05
FC6	0.07625000178813934	0.0353860966861248	0.06344281136989594	-0.08521922881714324	0.6541386473906784	0.12985556573013962	0.06641246062145512	-0.01031404345045016	-0.4739073306998649	0.27294191073547686	0.10179820161718416	0.002130911725607682	-0.04671844918524492	-0.0005184109825607428	0.03838627892761341	-0.06543769098705597	0.09826003742871753	0.002238944455821816	0.02823643165362845	-0.102036868305442	-0.07857201018174059	-0.06458771825168445	0.0192453183815819	-0.0011097736592665926	-0.04257756605913656	0.00819087012929458	0.04997832612669009	-0.012487751497597661	-0.08646146834108265	0.04353895763319454	-0.04940653603928569	0.04783306084400597	0.12041787270307948	0.01097613109100095	0.02421302512686945	-0.3021793529101124	-0.018096506266384736	-0.01967992934111255	-0.03797285496813335	-0.0045503356827545395	0.022026050475381014	0.002719640653735144	0.008705074127152922	-0.001924057819473235	-0.046481084007938316	-0.05015930993170556	0.043406072829326084	0.025702352862989854	0.012195343377023845	0.019029073954435923	0.004615033849651666	0.020311167497733172	-0.030868101157237576	0.030624512266586235	-0.026361535306132937	-0.013108705609364295	0.0058914476846844005	-0.004337935096727739	0.009104387165015595	-0.008082721638112921	-0.00416187951343534
FC2	0.032349999994039536	0.04386397451162338	0.11025384813547134	-0.07297454689118488	0.15498409079429043	0.13424141862305206	-0.33332422818621676	-0.19437101629219666	0.11661740413924897	0.11800673883986615	0.0008440844611498876	-0.03190714364388212	-0.12423677053066999	0.01904997493373234	0.02399244246001599	-0.05020858917800361	0.029853296813011205	0.023075774706990616	0.045706703492902664	-0.027513478951152928	-0.2535886910333225	-0.02111816229660873	0.03674375605312842	0.01697584270457483	-0.058753583926269094	0.008755243143217016	0.01899772440932063	0.004005565145525583	-0.06536980768496144	0.04204582406484657	-0.02357817400651062	-0.004625530203414754	-0.004969899871942517	0.0013580908637578998	0.032756498713140236	0.007998048257951312	-0.03106825123158603	0.005355424727706948	-0.015881594376101735	-0.00912184637936318	0.012520248480444026	-0.006188054277279552	-0.009520020410862789	-0.02192000463975052	-0.07746879130558429	-0.01119111341848501	-0.023358940081939592	0.008368321007715004	0.007650760327442264	0.020681865096333973	0.05373981389853633	-0.01516616681090867	0.013208669195329193	0.0423409890734377	-0.00759872609955349	-0.01622760031216699	0.014593053792097244	0.00214943757066992	0.01273302885455433	0.00518295370408423	0.0011975379170951217
F4	0.04814000055193901	0.06565358489751816	0.07615462690591812	0.4387035068772548	0.571804828161003	0.08839907332384968	-0.11431622657722922	-0.22686575266239126	0.06204306575034523	0.16871912525915111	0.0996229775029721	-0.02916171960128865	-0.11624278606320156	0.040742613148878615	0.033685732790179126	-0.06653938592895475	0.010861024268918522	0.01931847812630255	0.04197600022476365	-0.08392942912303988	-0.27038790039044236	-0.013832813370579336	0.0278542038007556	-0.0993133466824361	-0.056087757077728624	-0.025683684041250036	0.016550116505336214	-0.0006115858675000107	-0.1807066097859835	0.03493413203550746	-0.03984407815695352	0.003969454962461396	-0.0006871311389139427	0.04396094719348428	0.028866427028097812	-0.004935389639321298	-0.024668761606714062	-0.005528639677160004	-0.031658424512076934	-0.406881112214364	0.017031361942185876	-0.005605933153292439	-0.007238777605963963	-0.03025083171022041	-0.05579988550178558	-0.020091930573656352	0.021793197086367858	0.02910840557953673	0.00802666953119347	-0.027086769927299477	-0.038795925538283656	0.0069536989269523035	-0.0045233458802127	0.033672021210888664	-0.0030571914702762415	-0.013388530424704857	0.002347270776758526	-0.0027448598843420667	0.014056447618966567	0.0058784295094403615	0.004587288783177177
F8	0.06837999820709229	0.05323130637407303	0.029796522110700607	0.5914945462049573	1.5915355702898213	0.04392754435343743	0.16425208002234137	-0.07434056129279812	-0.08930727775574988	0.24342573370969334	0.13168026546035025	-0.01602881666915946	-0.06600541357731418	-0.9872731629679781	0.07873891300112261	-0.06475545267872487	-0.00160831169979781	0.03523239867422333	0.011960467475519893	-0.1576925829654841	-0.0553115060264301	0.011399692507713199	0.04699732823463252	0.022474861003359378	-0.09155473700830427	-0.004867041277127704	-0.010427424749492493	-0.025756715128881297	-0.10250952294405813	-0.006114349482356693	-0.015201521267497521	0.05311543322091427	-0.04791491582046301	0.18393234679241002	0.04626315869637511	-0.0879628575820297	-0.06970115534102723	-0.018688240664407343	-0.012311663408383055	-0.01753047036675953	-0.021265078771147174	-0.004490114627343144	-0.02768478798584903	0.08007890031911412	-0.012988480341089681	-0.14600864783377598	-0.06441158978415731	-0.006192176575217789	-0.07888450117342624	0.014966640335128881	0.05089454059268838	0.035077255736288324	-0.1062705904550041	0.010426796081087283	-0.06818080397087493	-0.02826061987326834	0.015464541727744455	-0.12586223015639725	0.04535722003261815	-0.00045837193375748226	-0.023699492132230226
Fp2	0.02613000012934208	0.0842762365937233	0.03013540804386139	3.044989872634783	0.7176154094084222	0.035761475098501555	-0.007046772186126604	-0.2588453595917607	-0.0075327731859651	0.10926669552483587	0.1394274683842756	-0.0329224200724169	-0.10092564581416938	0.020309048356250768	0.025427650580015934	-0.05112772440897077	-0.0009208942517793685	0.02132209884252034	0.06686479717349797	-0.08011799544615489	-0.0902599886681454	0.04249507446192527	0.011599009896192893	-0.10993091382539115	-0.08627287110259806	0.17482679280284358	0.013623977668236066	-0.03439361155582513	-0.06630339922664305	0.029697466673676575	-0.001486051511099267	0.021667409419947964	0.0009710376448903942	0.07643033600114554	-0.0021271620216169267	-0.009286329265161979	-0.02341699360319184	-0.01789728291503705	-0.055913215398285976	-0.040593665640334904	0.003324758735430466	0.013080895013768398	0.003852548955533938	0.011678563779908103	-0.03518256385519731	-0.04925554844875581	0.0035510390369177954	-0.016271728352518736	-0.015888620080814604	-0.06699175344856047	-0.06379349138403966	-0.06484302398896313	-0.036481194812575224	-0.0038651297342222426	-0.023755843731642145	0.004594189623053469	0.03010506943833935	-0.03426443239501642	0.017476106566249323	0.03452906229460965	-0.0018891373187582376
AF7	-0.049710001796483994	0.07204969227313995	0.029413379728794098	2.088812433764151	-1.4293213969543532	-0.2852148035540542	0.1728811131502472	-0.11668984129806488	-0.19095987081973984	0.06637108694060556	0.1470909936518165	0.016219359481769363	-0.0996904541047598	0.0034283448298307482	-0.013273651261514294	-0.05540697264080788	-0.15337531193190918	-0.050816662221758346	-0.054617332059359355	-0.09460553641510533	0.016828116834043953	0.09116184791980064	-0.00011943177964258597	-0.1889562160749136	-0.037812098615217976	-0.3122770300567113	0.01184004221165138	-0.003206588669812713	-0.10516849402080543	0.08647210744172709	-0.036020440668657124	0.05396217057766386	-0.3993333177854814	0.08121566425157213	-0.005105240114647183	0.01703590830956205	-0.042241170731061574	-0.004437540571559022	-0.024646685413241352	-0.02809884457109393	-0.0004326499967361034	-0.019323948944419172	-0.04467928021298278	-0.06801838776851196	0.00016229886180428482	-0.012773981335148536	-0.010461247690222296	0.08333423609520292	0.02111408619932129	-0.08241003297768278	-0.0455242004386568	-0.02320097903716771	-0.03977383519779826	-0.046956737350895346	0.008398246651280339	0.11194371726840577	0.04354039743690683	-0.03267071147364499	0.0026912457959648852	0.026770506480589814	0.007011738713419721
AF3	-0.03147999942302704	0.08219389617443085	0.05532713606953621	0.8556113344727008	-0.30578930862313913	-0.17102614399377197	-0.11098471020010457	-0.4380293607646299	0.056856615175064885	0.0933524769178619	0.09330414743364375	-0.01534069598773763	-0.12661638551365675	0.01222648072341843	0.014193360487704542	-0.06072418105927268	-0.06950520031216699	-0.014277655074905096	0.0538299866787623	-0.06219941907516831	-0.0516599613262486	0.06787363049770082	0.025638977556243763	-0.20205619289129123	-0.03274206981129884	-0.05627225316942065	0.006665028925571842	0.03902823902985635	-0.03870757199184563	0.025162613248360315	-0.018994225468861693	-0.025815825485125413	0.020675207715909784	0.022132897687752756	0.013964851843237782	0.01656178089820474	-0.031947795641223325	0.007931970147321745	-0.026857480573786844	-0.013830874253256353	-0.01204478368417626	-0.013077070611247086	-0.07983123436311544	-0.07548497030719306	-0.020000550020535402	0.03191894170989516	-0.010916969938636157	0.07616639295534	0.0171709548779126	-0.06295151906551734	-0.05595967291650726	-0.023838515701077815	-0.00945894055149516	0.001960549724254981	0.0126040765375998	0.2024058498602239	0.013214867156901242	-0.017825765699746334	0.0012727761865307025	0.014056686644105575	0.010087948179272898
AFz	-4.839191871892424e-18	0.08612029254436493	0.06543061882257462	0.9344935148198029	0.03923140737451284	-0.05018008973163731	-0.1380745354556635	-0.47591720414494715	0.08841111830414174	0.10622327306359095	0.10032215452238509	-0.021527823921789688	-0.12941378086482538	0.018571906559374657	0.017431532961122615	-0.060524439166907834	0.0007041934385076608	-0.004758553517202019	0.057109142415623086	-0.07041124165701998	-0.11557345108035355	0.05348631451230619	0.030074442455719236	-0.29235056360165956	-0.052649367956791274	-0.03887203701788263	0.007813170972523622	0.013620853734687058	-0.0423693073407217	0.03301705784060948	-0.017523580775281832	-0.002750830953030394	0.04383959622401083	0.03270089150691123	0.018253039990136753	0.010282425907073971	-0.026873393705770528	-0.0014693368953803546	-0.02736459650832019	-0.02200273652435408	0.021862095365450765	-0.007660567337590582	-0.03293783589251899	-0.06359707151688584	-0.03288774326380903	0.008571473689336976	0.019920173259122816	0.015190732075901556	0.014569269223904672	-0.052745626220140604	-0.06088376118807885	-0.02312133206496879	-0.0069940592657553495	0.011324983437673129	0.013586704850619738	-0.026932325011019987	0.013186468277687541	-0.016427224263924036	0.012127624537571815	0.015968957644570358	0.009240066261727777
F1	-0.026040000841021538	0.06944311410188675	0.09033308178186417	0.27901664997048203	-0.20791379653974482	-0.16004396592577394	-0.25103622120574004	-0.44824272845376645	0.10422421426872416	0.10301182456901736	0.056572514840235	-0.021759236560073142	-0.13586342796994677	0.006035193000423878	0.01947116347745342	-0.06304429638589233	-0.04980852104810244	0.0013750947791354886	0.059827696809530116	-0.047186877955540454	-0.09908087986298464	0.05275321525091198	0.03541455028709737	-0.054052066992175074	-0.023867640971840683	-0.011799948835627473	0.008231793876255897	0.056836244567446875	-0.0227307238621742	0.027652215157614443	-0.01622193628675105	-0.021945609238269256	0.0017792110593325646	0.005176488553778392	0.025279833645033188	0.009272956088483351	-0.03331172700950003	0.014651919268788933	-0.012670741056320956	-0.006497574965972784	0.0036187042735163796	-0.013403584173607447	-0.10469703596309922	-0.10524660501691843	-0.018861668421838368	0.04699078642684865	-0.02685810972954508	0.08244787104954561	0.01933996825137243	-0.04996822597821165	-0.05590033445508636	-0.016730358214807232	0.0026689145971590545	0.025705017262905725	0.019130924209527476	0.018126048305323536	0.012950582579708053	-0.020109670597294838	-0.1969025381746988	0.010359619050814098	0.0123673834572953
F5	-0.06306000053882599	0.059921979904174805	0.05486665293574333	0.5590903753788402	-0.9009910466480876	-0.38522083645760086	0.04370710479145439	-0.10862539454894678	-0.26193563839145295	0.0865690199176107	0.09910236679268722	0.014829557590740346	-0.10688696146941234	-0.004771316296422648	0.031166982317941672	-0.07559817861329476	-0.32258625928146994	-0.06241161179348832	0.04942163344025245	-0.05674967637809994	-0.005644829153437676	0.07219651459586474	-0.0009328233051893672	-0.1169097589022258	-0.010373317678689776	-0.07910067248337102	0.021339636416206884	0.09887305514425589	-0.08226278566342005	-0.0814309812758459	-0.041882032410858756	-0.2526393736284057	-0.014185641666871692	0.030167509423591036	-0.012654622131225283	0.044526804632490986	-0.016111821129659077	0.03169468737530556	-0.01568223001155538	-0.009343951325974771	-0.27083813394881595	-0.018760537919091057	-0.055306863774981056	-0.09273653905667008	-0.0027107948439833458	0.03817397009645126	-0.036632421702764234	0.036225562741644915	0.01909492292744594	-0.05228475895346014	-0.0617879786298201	0.01698573725746909	-0.005645742491715568	-0.015030137380590962	0.0049821464266592164	0.03969143253496641	0.021883140756082584	-0.023995566110471656	-0.01119499575182116	-0.0008200358777739476	0.011073294846604237
FT7	-0.08041000366210938	0.0295303612947464	0.03119075670838356	-0.12788346986491236	-0.8708783795454095	-0.5752813978681257	0.18621421775642744	0.15659904556617396	-0.399269878258578	0.015869031063135332	0.12038436706926268	0.040257043605600305	-0.08095567994261513	0.1069439021796543	0.017000878730494964	-0.07971550095819374	-0.3641696521868645	-0.07838073928269074	-0.07112997579231078	-0.03696660668347892	0.07543777965999424	0.08432736402105959	0.000645554237613249	-0.06632992512600992	0.007848492809016026	-0.018949689714925645	0.010998782538015724	-0.2320622006404868	-0.034124596074263124	-0.0956381115497723	-0.05852073988092844	0.09275692390156526	0.06695404198364893	0.000662871184516173	-0.01687518357674859	-0.0019075850564178316	-0.01827578169458834	-0.012442235322184006	-0.041991260332332296	0.015342814430182516	0.20680600090027582	-0.0014266426461926028	0.08263029880976465	-0.05551925901029113	0.010636928545272371	0.023982674311641645	0.006449174338441475	-0.021517615472566868	0.0080719565076218	-0.013196820026516171	-0.024956017028243696	-0.00043008541942087826	0.00899295611247447	-0.03056908479707469	4.5065477427715136e-05	0.04027112175516655	0.0023696190215424435	-0.0017919120510025582	-0.0013066957688737122	-0.008733627082097463	0.002997268034111136
FC3	-0.05926999822258949	0.04044881835579872	0.09137306362390518	-0.04421612262319041	-0.3848330920739789	-0.27035846863656277	-0.20263899916454492	-0.14859126776576248	0.10019603350398841	0.07021907108505314	0.014611917179958791	-0.026125765317544576	-0.11080037787294167	0.0021341587000173424	0.014483911250317378	-0.05106364286091525	-0.09425751896967516	0.016608592093447457	0.0656238297060187	0.02658263304202649	-0.01183423519912695	0.06633143291521727	0.043172189506331775	0.04107024428512325	-0.010469886458342525	0.007622621763896488	0.0101660759081578	0.14063513442199105	-0.01230409820314253	0.016834930876821093	-0.01781190023840206	-0.015540577693432908	-0.01291346217127691	-0.006530773597867735	0.023486690507304075	0.01823671985943016	-0.03458529781814071	0.04255385805601292	-0.00043934281870563146	0.005852093837332726	0.005911214026398063	-0.017793140026168514	-0.22026642724314574	-0.04512873439905148	-0.005958552836918704	0.05853076725703471	-0.09820401074346173	0.006695321504217326	-0.010968045828243445	-0.03659089268607031	-0.038404666935700035	-0.009670635648374474	-0.006510821688009714	-0.009658059553296197	-0.01276307719226368	0.0020338805410366695	0.0070365893764044295	-0.02892718322049311	0.009273497370451855	0.004707387848700068	0.003656886437524075
FCz	-2.0163809560929507e-18	0.045037973672151566	0.11692912876605988	-0.09006657823295267	-0.023700594607716553	0.06390767526669928	-0.47736399137200414	-0.29106602412864535	0.11412400439648968	0.0854267245276683	-0.009804552905112387	-0.02586010746221732	-0.1454340766108336	0.013330112731489456	0.01899366616706112	-0.05501793746417546	0.0038392773294171306	0.01772336847691935	0.05017995314688057	-0.0029093712051758615	-0.16225252592032746	0.033092909151549804	0.03792347368007663	0.060663178601778965	-0.06207265471003456	0.008740181874015998	0.010526745910600087	0.0207465319980714	-0.014879227872792286	0.03531841700537192	-0.02223809201459745	-0.006825355179744311	-0.018015957769223583	-0.0025379793223182442	0.03281562982635099	0.004400035525916076	-0.029425010147549672	0.008905289086784465	-0.012926322550635546	0.0003167717038083957	0.01001480710026424	-0.008039059004472625	-0.0345976472233198	-0.05318351543430451	-0.03353242686051628	0.028678256730012	0.09486889434305601	-0.0016453275357554613	0.028763517905729542	-0.01626905413673549	-0.01795909693980402	-0.00825130608162622	0.01415230665798783	0.05269452986814603	0.026438274180043696	-0.018789464578460483	0.020041001666020148	-0.006204251462294759	0.013161786184600668	0.006982743988867973	0.007734815774455557
C1	-0.034540001302957535	0.012208161875605583	0.1195870116353035	-0.2811003553833251	-0.15429581999614028	0.0620258370155939	-0.4247753267061752	-0.03776200961448659	0.12837925733179528	0.019805236796885006	-0.10472334851032598	-0.03302349335880722	-0.12989771975224912	0.012662705757590285	0.01228976578199161	-0.033747098748756046	0.018276235253499203	0.0347194641466228	0.04747443216009379	0.16210720258424205	-0.0011188100892124647	0.05739094158911944	0.04066798425603004	0.07600924990771717	-0.03078566578474337	0.021069750721551497	0.007370967893966347	0.023528767494969544	0.03592592317023796	0.04822790670383191	-0.012688928182693203	-0.01106065337455916	-0.01900847126950604	-0.024197531914468266	0.020961153224541493	0.00024270408990386173	-0.007668324056997337	0.018230629268428923	0.006186491572928348	0.015288633461134413	0.007061010275131377	-0.008083470070737992	-0.03644756890282259	0.028297135109805714	-0.012927065317575285	0.07000598316065682	-0.07925345903571344	-0.0285579509164984	0.005585650380027657	-0.08436034801409172	-0.0018084517302112818	-0.006939375466860199	0.02672243152591747	0.0703959577100108	0.020872228023302363	-0.018069175817106094	0.008877518925916936	0.00290857357011273	0.007500337071346912	0.0061775299177987564	-0.004734098028897337
C5	-0.08083000034093857	0.006990101654082537	0.06847266852855682	-0.31010895886516093	-0.4380394070112287	-0.41578143102506326	0.03963549812529861	0.14461056544423992	0.09603112992182936	-0.017580757681833446	0.02024417109227408	-0.025000385516238118	-0.037104584736550164	0.01334563623768917	0.010686131342801143	-0.03243756018222507	-0.026839735420381896	0.032256478831661016	0.03587180914194701	0.092338309727359	0.06218730888667221	0.07659083746938374	0.05719057091720828	0.04923779868794773	0.05248744749340582	0.022979338745205136	0.009220469107214328	0.025468454557250508	0.02975306348673808	0.025474291026139323	-0.023000132860340135	0.008147276167593993	-0.00491777648780418	-0.024121923676264555	0.01020770690258344	0.001890091645061256	-0.027043924576996108	0.08652413947750073	-0.005058976281138709	0.01605430884735654	0.009079892329615343	-0.0006286260250240371	-0.009723277373024076	0.020676277290883747	0.019460915994844535	0.04390939722835397	-0.04754243772042094	-0.05248243534592975	-0.015913447546991876	-0.024220282105038755	0.014684595632053515	-0.0024972679208012526	-0.1626829452368079	-0.017707252880601876	-0.01829329756290195	-0.009099282439955829	-0.012204072078402937	-0.022251995328631605	0.012206503333191492	3.43536279312845e-05	-0.007340067909496701
TP7	-0.08041000366210938	-0.022618606686592102	0.03651443496346474	-0.5150095052437954	-0.3316414307468738	-0.3675859185516701	0.2230420279797283	0.2848331764432737	0.06908906011478491	-0.27755754010844835	0.09899717644418993	-0.03149874839683958	0.0797769442027078	0.023453312034842456	0.007754300349676109	-0.03208587657984985	0.02225325038455952	-0.025166281460622487	-0.03736480261511117	0.05039852044385054	0.09588711013114637	0.08416910114751416	0.06813487225122918	0.037413508407778746	0.08744056768868956	0.03732124124666742	0.010900224383668132	-0.02735543429298314	0.06270184446476101	0.027538816466078454	-0.024178036715992394	-0.012022422465109811	0.004359116020139798	-0.03427641694249387	0.024820493491091042	0.015331765224260576	-0.032879500481209134	-0.06278160871671232	-0.024851088868829155	0.02541711245494604	0.0011949950240153153	0.3721387895777695	0.05057658839214047	-0.010286811930048458	0.06282730679195109	0.021206538987656592	0.02757249643158121	-0.029359412380384694	-0.014011620968701646	0.02299001981717556	0.01605765715821031	0.005080290077359496	-0.014989284042020122	-0.049162231859725	-0.018519559922731875	-0.008025429288387748	-0.012929269250076432	0.005869252672801845	-0.0009689398278966279	-0.00422481448113186	-0.0009125997772620413
CP3	-0.05926999822258949	-0.02115102857351303	0.09766154736280441	-0.3891783764799546	-0.21250771883849146	-0.0946461758332953	-0.1463934801843761	0.12482007788115308	0.13654002850846206	-0.07354315244482537	-0.14262794343800544	-0.03866695036226347	-0.046155214042353225	0.017712760489868234	-0.009683943624219076	-0.00053629920704811	0.07539718153036974	0.057190569380331124	0.03955288104029398	0.26702088329927964	0.05040224579665544	0.03921306688223918	0.05389724041304247	0.06817283521882338	0.14442772256680175	0.026558515589011913	0.01127660269547687	0.010116273700191762	0.05816373447117699	0.04037108484146724	-0.012590941531038468	-0.01636076452336301	-0.015726501606432797	-0.03604718805122659	-0.002611588025211054	0.006690242420628481	0.023884656899866012	0.04335468612592293	0.005407318084660615	0.018791465623948598	-0.009007033754643175	0.000811547427755493	-0.006594251777498529	0.06161376807835997	0.017812797362215648	0.1671627769886584	-0.047612958030589084	-0.03641262441393732	6.25308504626201e-05	0.03447516470074352	0.00657244272985545	-0.004849433680060978	0.05008068546260214	-0.022302874190212776	-0.01672003355722936	-0.018550411735388416	-0.0019000132585859947	0.008460010011816253	0.0008506384673929461	0.002110831621571349	0.00039850485400445953
P5	-0.06306000053882599	-0.04759920388460159	0.06584306061267853	-0.5046117012293032	-0.17576961620978832	-0.07361066035163098	0.08707131962714439	0.2205204618617416	0.10317234910982714	-0.3497843942391448	-0.05499433214083101	-0.03839504819240556	0.1838380997783863	0.012322367006703909	-0.03398613210165543	0.028848436066305397	0.06860393741508264	0.07579942431126256	0.031184515826428113	0.15274903754803715	0.09242679990052237	0.07085638549322769	0.06379406617525576	0.07544908483131675	0.2477155581210413	0.03794056381825187	0.010371004917868337	-0.014339343944368733	0.07132056871380943	0.022593344597964183	-0.038591807830734064	-0.021301105894948304	0.014381425094366788	-0.04798636895369469	-0.02339968699078773	5.704291159022709e-05	0.02495227841521983	0.02470252834202139	-0.005623461237619716	0.024568832856015688	-0.0036153534775476208	0.02468408569525459	0.027363532699156295	0.027633916433140372	0.06050640346663085	0.047809513417180025	-0.03351112446256404	-0.05183340908659681	0.27640647286367165	0.020250035772509622	0.02951591107384881	-0.0019120733191905575	0.04229842892809612	-0.053801027316920026	-0.0021324898755641923	-0.022346015808157982	-0.01021313680440856	0.005600366211226071	0.002957968540793524	0.00373257713455687	-0.0029368487689882825
PO7	-0.049710001796483994	-0.0646199956536293	0.043365444988012314	-0.5851222056441906	-0.11480001893973345	0.10981878501773294	0.18742835084347031	0.23075737762933038	0.032196374296953705	-0.5148058881092774	0.041631104819482935	-0.03786550856056544	0.2933185380685863	0.0073486020885441565	-0.10436339772052138	0.06833000167255565	0.055946663649507816	0.08358914069117901	0.006864967444356753	0.06792820036208054	0.11633229075853996	0.1149578765362411	0.054658058403103046	0.07425156098159762	0.16343900962238406	0.0396228002553573	0.01679499340569064	-0.017535284512300457	0.06613018933716484	0.021175375374005562	-0.05428124549316768	-0.032775439496432475	-0.002107273588319296	-0.04501074601998278	-0.41072957086460676	-0.0018142694656619047	0.03575843088481753	0.025971992376476294	-0.010949797239326646	0.02797194147811014	-0.0007491371528771798	-0.002029161362894642	0.03885017539664541	-0.0244993758322027	0.07871312312839844	0.04608265799736479	0.013734783827206262	-0.05050191303987304	0.0647175954440293	0.05795558479369264	0.012592880272333412	0.004027266918734311	0.047146047595177105	-0.04575233565484632	-0.02114248259084055	-0.011476422792916639	-0.019364494784341393	0.004344393427897981	-0.007175512064631361	0.01568321710781666	0.008020463885804066
POz	4.839191871892424e-18	-0.07112247496843338	0.0814829096198082	-0.5400445374076801	-0.009172024382841988	0.2930248794900944	0.051016811241618935	0.15820740145494708	0.10112323972494383	-0.2419091590741345	-0.3122860768684515	-0.035497802195453676	0.07637110733826885	0.009177099768878339	-0.046209518065997095	0.20436341964725888	0.049703955152037654	0.05582032865745277	0.02109195397361853	0.07641891231165449	0.09906989434871773	0.00025967061934467725	-0.0343500997546251	0.07491998607072937	0.0986423855253641	0.0461025553493615	0.004437408536551495	-0.01868855149986746	0.07403575374131725	-0.00012023138564055433	0.007995608562655847	-0.02812413313110184	-0.0015042953863128646	-0.04401974613183187	-0.05642902547360049	-0.0039060923209517273	0.3524559986592361	0.011946582413059409	0.034061325492929284	0.024127838805725697	0.0141167357897139	-0.011269110848392678	0.02687774869540063	0.044500283312048014	0.03676371716390149	-0.007766132712834814	-0.0048347049348504405	-0.03285669629026482	-0.0017413019778120395	0.05144581240090836	0.03600084381030893	-0.0021001127223124272	0.027561218423686796	-0.018177464114920973	0.027756085540728333	-0.01579071584571634	-0.003377126472575425	0.006612093235152177	-0.012229926110564546	0.005053755518922994	0.002907660723617191
PO4	0.03147999942302704	-0.06931865215301514	0.07079444825649261	-0.5909561066951101	0.055535886172227975	0.2746174496938811	0.1359191537832205	0.1756558614100319	0.016874802813206028	-0.19970707284402123	-0.1599402848320182	-0.017268373073827264	0.22575111775195145	-0.0030956796175320655	-0.02423318778442704	0.4858326097850425	0.05851570725514163	0.018866003972292784	-0.0072705453027366125	-0.014654896469087445	0.10393515412281508	-0.08169073783829495	-0.20642257023512217	0.06258094400560077	0.0030190348248339393	0.03919637662296388	-4.1004688221482844e-05	-0.01989009820893965	0.06010976591167603	-0.06424083397739162	0.07184703177206396	-0.02763860571863142	0.01607813223752139	-0.043086544167909975	-0.02960924855797106	-0.00037529969259767105	0.09868592495233233	0.012562279330159397	0.07613499903385759	0.025648468039285468	0.011976153528164736	-0.014341973315582178	0.02748685740114983	0.03538684965215432	0.03505458569971224	-0.012087047564394255	0.01905681116019187	-0.025578127984756855	-0.03686379826646598	0.03729580449397777	0.0366410383650955	0.0015139476107311485	0.016685794034337	-0.01697042250008314	0.030366543630464014	-0.009948980160190149	-0.008156799141562851	-0.0015084035124278007	-0.013387200721824803	-0.00011181248981569153	0.05145045931614007
PO8	0.04966999962925911	-0.0646488219499588	0.04337843880057335	-0.6425737656258536	0.10632878122278887	0.26229641246481944	0.2274748306239652	0.2089117647900246	0.07740332349799511	-0.16001506995957063	0.03574755519271973	-0.016628741479288448	0.3006865373136892	-0.001985112216437097	-0.006845596586535701	0.2674868469230278	0.07940312617232678	-0.011956529051223892	-0.033508917896317277	-0.06932802877066947	0.1103908248079368	-0.041948552801725734	-0.549590967341784	0.031176223689997513	-0.04267804555201274	0.043759302774373586	-0.00867763196554073	-0.02422555454900019	0.07189991732747067	-0.02363767009739513	0.11733572319355312	-0.03432706240127277	0.0015156336299155422	-0.037216516345771875	-0.013440905355538789	0.004320697879130678	0.0504176368117386	0.014419435707621078	0.07121866852014826	0.02368933531832107	0.0006257973854993793	-0.013766809788981475	0.03884251957297754	-0.026746918599027503	0.04365911237361984	0.008786634764292024	0.0785000129072772	0.0032846113732417494	-0.037721941380489586	0.06698448979653217	0.009845002294593286	0.00401839516972507	0.029906799729212608	-0.031480551575465233	0.022991932600153853	-0.008491028998697298	-0.01737749276059876	0.018955728984161736	-0.015998634093900267	0.003523614643102749	0.01620691692075554
P6	0.06304000318050385	-0.047581132501363754	0.06592163443565369	-0.5317783382800451	0.14567393289957223	0.2745949287639708	0.1195304119527375	0.16116079660246801	-0.018509041988377606	0.014750439336306693	-0.13054226618111925	-0.007927494186363791	0.4970760919636157	0.004606092566350499	0.008442986379270729	0.10180157347882089	0.07480044491704112	0.005276976405024079	-0.029366854071383456	-0.022174704332438074	0.06841691891883321	-0.18384388907144392	-0.14376652151931624	0.04872899140126602	-0.01971976553478335	0.03548891679088992	-0.0230820138379167	-0.023221780236090214	0.049495638876741126	-0.07225362476814248	0.09850189992755617	-0.023611912260089282	0.031583305280393645	-0.03377171035341956	0.030126634313551413	-0.000504659578821059	0.05317052802961823	0.00043324243634105066	0.033260694672740544	0.02142247647413728	0.015797435237426268	-0.004316498319172435	0.031167625112655004	0.020252599507414166	-0.014223517100189882	-0.014385739085188778	0.046121473175748544	-0.009334629373772605	-0.05248024090982605	0.0035281783698098736	0.039490458965710795	0.0032493872716690846	0.0023596773561691104	0.019082910549694618	-0.014716957346048316	-0.004562098478402957	-0.00043190278057090334	0.01958601941318018	-0.005607834340544207	-0.009369114982573376	0.001814560690569569
P2	0.026030000299215317	-0.04971249774098396	0.10254745930433273	-0.45827802348299856	0.03352540550191405	0.303040187944694	-0.08458101647030104	0.09993657015413661	0.13864971868501624	-0.09921919697227996	-0.45009101187198736	-0.03663016785577523	-0.004360397731793417	0.015537221490729766	0.0023273362508219398	0.07458622959946418	0.058603243565084555	0.05753693209241327	0.02820097514149613	0.12668106144854743	0.04427102624234641	-0.23813091613685847	-0.009457313103443568	0.08686358717064983	0.007755194322653095	0.03800997090886359	0.0022855453113731516	-0.019287021111980312	0.0674583211558015	0.040192806668076474	0.004476106697788913	-0.02299091237630934	-0.009132205030125209	-0.03889367130393049	0.006373749562593382	-0.0030318420230339735	0.05433127342040027	0.0063069583799475245	0.027102079156951536	0.020822967161175165	0.015676783590271397	-0.009089617700105024	0.023615963605223923	0.09280031281992601	-0.013342180744918063	-0.027003587573429823	-0.03349290287494519	-0.0434722376540864	-0.014283047920992364	-0.0014127258159196024	0.0584228382460808	-0.002839605094964441	0.032565186718847956	0.031002256221852247	-0.01296399682247034	-0.018941934031516713	0.012624031125389297	0.011964664540594	-0.0009577303938394624	-0.003213124598791775	-0.01082255429032134
CP4	0.05926999822258949	-0.02115102857351303	0.09766154736280441	-0.39984831706950813	0.1591351300208981	0.2615544486434669	-0.03298046937337956	0.0783028315307598	0.12746132096088608	0.07784023214412596	-0.17075592698305678	-0.0357780348795047	0.06589072045838679	0.026549947160848637	0.018060912282276794	0.02236593387455217	0.06933626086154109	0.05351073050289155	0.028078488798172527	0.02803184332637646	0.0180646879214351	-0.21374804572167277	4.823339676422395e-05	0.07702037402142443	-0.016830850136771335	0.0330621147435948	0.007159153913956417	-0.02090584848765688	0.04250020786812436	0.046590308223322524	0.00566484989844942	-0.020278116514277217	-0.00501351508202044	-0.03095099436259865	0.026561541346317025	-0.0018094309732419197	-0.0009053809570755459	0.004484262394502229	0.005028801741790668	0.015024334029297653	0.011432373749307662	-0.006097477883583902	0.03114365715864922	0.07430639334073655	-0.06576154925262898	-0.03532931697116947	-0.003643955621282001	-0.03166813514763023	-0.013422769674013891	0.02594455258983613	0.049931035947678545	-0.0023927671900897587	0.036892539549307664	0.035997254490442825	0.0014984608781437078	-0.018612142832614347	0.013041865026227567	0.0476172364253705	0.0034304932295827826	-0.17765212098472258	-0.008412106098534464
TP8	0.08038999885320663	-0.0226882454007864	0.0365215465426445	-0.5748411650554993	0.29185510830441447	0.2343432075649974	0.3025434073982275	0.18382384599733126	-0.13193648720630932	0.12706540901134292	0.11930215989928496	0.014774313351215927	0.14412870090096988	0.0112700574758368	0.06259486560037335	-0.06071872872175261	0.09987662984012541	0.028507590992954267	-0.048148381917234404	-0.1254143216000687	0.09454233150757586	-0.11051444101386242	-0.030279346006953978	0.053045203128480725	-0.03749118490413103	0.023172628493398014	-0.08301711866080068	-0.024889851912708153	0.039495724220642014	-0.1605503532778826	0.3418796235269506	-0.021795778582852622	-0.014263905033290484	-0.03294365833925906	0.013563051393929226	0.01880258317045657	-0.03521132209347215	-0.01362532237335412	-0.03011928171745936	0.012885952434291763	0.014165984005470436	-0.009086609070730955	0.04038598231406176	0.002071590015204528	0.06357656728522634	-0.03904519688179977	0.07740700857814306	-0.0034518763144636903	-0.019628715955942656	0.02872569724607411	0.042802014397769705	0.008944503672087	0.0008385432627461008	-0.02464902929520535	0.010814270393561974	-0.0035179980413998424	-0.004067836913515714	0.019571536869041894	-0.0014960899321604358	-0.005615077701428742	0.0017846289417209245
C6	0.08083000034093857	0.006990101654082537	0.06847266852855682	-0.35202677045235437	0.3806154050474004	0.21699679828206783	0.12597125173283194	0.0965155561712098	-0.028460899687977083	0.29823563914101775	0.0601403305855556	-0.014394280852650498	0.0449564545342536	0.024856877144545625	0.056479090106307014	-0.04286263151906591	0.11937685003998035	0.03606482201258324	-0.018335382651942646	-0.08842372791108843	0.017839560508780945	-0.1410404971672792	0.01378644525660543	0.036195051742373675	-0.03226868878510206	0.016596479452103158	0.21233416746619857	-0.0227659255671743	0.04836587393244492	-0.1383158646405336	-0.11871734559300048	-0.013154775050225609	0.03230510173833131	-0.018089563162429177	0.01890949867762166	-0.00334646489721765	-0.034528671383820216	-0.01774218833740093	-0.0562582693306859	0.010905264361504201	0.035214002831937194	-0.0036122423463431333	0.033905339767946005	0.010048745771632669	0.09440248513317516	-0.04671927551950559	0.051129076339709756	-0.0025662675965623686	0.011830375875385603	0.022321519071294062	0.042085580841978346	0.011561582040802175	-0.0040786129383367205	0.030782165941005645	-0.012532869421677362	-0.006811337557837829	0.004464020883519219	0.024819904876085683	-0.0024981506120648083	-0.006931412036866628	-0.006117504298913502
C2	0.034609999507665634	0.012205114588141441	0.11955716460943222	-0.2831683856059232	0.06847917787497397	0.21459997218441412	-0.3559585217595028	-0.04253693723644493	0.13184083986645181	0.04854941458879943	-0.11888680617395413	-0.03708385638229815	-0.10541466811978431	0.01973205067467224	0.016128129150949	-0.02696934840329105	0.046563839750328066	0.03592136622084381	0.03777375616607072	0.07250268017452298	-0.06619098091393853	-0.06378273573890848	0.030374999983837806	0.04531750700649271	-0.053048649348706726	0.02401134405342647	0.01941335453889663	-0.003957850030028341	0.007969411903150885	0.04696958643093407	-0.013572441007549979	-0.016697939446761286	-0.014032801505084033	-0.019621932038947305	0.029018459911889043	0.0050102515346394	-0.013876358848774941	0.011609266394327415	-0.007406529952126104	0.009845440440424737	0.007405602307159176	-0.005737893300768125	0.009142464970105312	0.06440784167271403	-0.0821326440142403	-0.021563691549869816	-0.009788321383188449	-0.006169319232543377	0.018050524676013858	0.1030605036826032	0.035636265834825355	-0.007724059848153166	0.032282874069513905	0.16959761449936253	-0.004530103826832675	-0.017415528092854987	0.01519249753003566	0.02961845181392172	0.0006422122385586014	0.0057221154705161485	-0.01378513114591666
FC4	0.05926999822258949	0.04044881835579872	0.09137306362390518	-0.04693120843297592	0.4285540300040917	0.1457886686542417	-0.10481552693684765	-0.10002637829091134	0.11082436312882506	0.1916039498644122	0.05409269820022305	-0.03268002232004733	-0.0838303990558006	0.034400507223295476	0.032477446852260436	-0.052402043104159704	0.06096226444098141	0.028810338412985376	0.041945235603553774	-0.06428073659898195	-0.17036070041718354	-0.06072781303402268	0.03554092051946342	0.0007623009041801918	-0.05173017111042151	0.00551880659878675	0.036184673483686654	-0.005155887072596745	-0.23033330534165353	0.04391957341546413	-0.03396200052754596	-0.00034217065645972055	-0.002803070504984522	0.02884073214242559	0.035612092991195776	0.007878081054879894	-0.03227866668597331	0.006502601327495819	-0.01949434329889923	-0.01465110319754597	0.003879694969583426	-0.006307751049365876	0.006512975335728093	0.011208287071523177	-0.08607195367211254	-0.03205026910987897	0.0056739939920784225	0.010302687743599298	0.004547462923503304	0.006474673722950894	0.0027795206293408175	-0.019468614628942192	0.013687288079817889	0.033969908309901	-0.0248577406573652	-0.0232030316821837	0.006774823448113531	0.013389219801407152	0.016387668087660564	-0.0045015228226213564	-0.0028911075390745
FT8	0.08041000366210938	0.0295303612947464	0.03119075670838356	-0.20550543157541187	0.8625986094713455	0.09213835206384142	0.21192818825455376	0.054250677944386594	-0.76130196111817	0.2732140803440549	0.15565906277875957	0.03716019288678576	-0.04127963861237382	0.03105826740655043	0.06404112474391756	-0.08800580767166934	0.13004766533572026	-0.01841085887282502	0.00810350133967646	-0.13465331171696912	0.03288196211586378	-0.0466380923751246	-0.0021360427756982998	-0.004669916687486536	-0.04883791019422549	-0.0218403473015058	-0.049860027373274336	-0.0047807502692494685	-0.011634140783971023	0.09321912428926948	-0.0361372764687501	0.11096402683340066	0.09908731237517535	0.06435599003426005	0.024953019440818895	0.2507767632019	-0.022245522617360697	-0.036195148057319416	-0.04425747320363804	0.009286296037825836	0.03457848060038442	-0.0009317747879389882	0.020407446655122775	0.001711458728824899	-0.00978546347955252	-0.06530446928824359	0.06590117124341546	0.02155161444680849	-0.0024855184550815384	-0.00900452234450529	0.026426047502289475	-0.02244029701653345	-0.06284481923541883	0.001072931618085951	-0.024973645947643053	-0.006661204852288546	-0.006290358877087315	0.000976429773285124	0.00704805022372954	-0.011803210311470093	-0.006909479430928627
F6	0.06304000318050385	0.05992015451192856	0.054947253316640854	0.5972832804151289	1.1329380904204855	0.08521914343251577	0.024277557815740893	-0.11351132235992539	-0.18807011818429148	0.20324832565194248	0.13797669634248189	-0.02684843893932416	-0.0873142761453477	0.03176418686803402	0.044998132126716654	-0.06713072953999961	-0.01172861850252465	0.01213375564559545	0.033788305052653594	-0.10039448325300253	-0.16221523111008415	-0.012163509189850118	0.025983839987848523	-0.09920944258971069	-0.06538165346513033	-0.010477841306301064	0.014132129944024312	-0.005040822591617964	-0.07833017720816034	-0.012594515539192703	-0.027684484444216933	0.06127694192466471	-0.0014460024791963651	0.36780758410566444	0.025311179466988833	-0.14414775905650834	-0.020726924440509633	-0.004815731284520089	-0.02808927840750573	-0.027337823101684464	-0.024384531924817435	-0.0004825958405364146	0.004705579460747085	-0.001776546855762902	-0.032975296287692794	-0.045332767406140506	0.021298178664956577	0.05109878328965413	-0.005521719904648643	-0.008103312698883196	-0.04256626019200145	0.044793888155686384	-0.02159336012621438	0.01983302826480361	-0.024092764365203898	-0.013060345172168397	-0.00028837573879872907	-0.014594079935440034	0.022923079990452785	0.004131540833688837	-0.0009385126786464476
F2	0.026030000299215317	0.06940839439630508	0.09038688242435455	0.30263025686402656	0.19127798310092997	0.04189849947539615	-0.22840349165119772	-0.36786862460242287	0.0982808905158747	0.1278861359710962	0.0693809925752283	-0.0321969788013303	-0.13146320548187257	0.01738688147497577	0.026978738125080687	-0.06044391587181186	0.013855254589389797	0.014457545313024128	0.05303499619739088	-0.06031105789818555	-0.3163890208637349	0.00648402373906143	0.03651028693150401	-0.07394464209183259	-0.05562279600649826	-0.01371064838790143	0.01152663370687523	0.012705178502950703	-0.07336224382098966	0.03466339056684496	-0.020036920489193477	-0.0007522077104031785	0.014603033482337486	0.014776274459455696	0.033026077999609216	0.013863354264440938	-0.026254319536134295	0.004794003564007671	-0.024276772388979385	-0.04175994329733856	0.01812215484806472	-0.0070101368881301095	-0.023712403290875057	-0.009740447238686294	-0.04233489660769059	-0.00869423701264638	-0.009221042768206057	0.04901919448132095	0.011524847075338565	-0.025333399086230567	-0.12031034783622276	-0.0231046643120798	0.0035285550578402583	0.034854735117529026	-0.0019220964224988635	-0.011477246716781166	0.009605873374469038	-0.01309301390436323	0.014930317185032868	0.008938766945535396	0.007199767828293111
AF4	0.03147999942302704	0.08219389617443085	0.05532713606953621	1.2510663996786235	0.47808595080192173	0.022598825885608045	-0.077852160203353	-0.3603343494765956	0.06446318061411609	0.12140760674990204	0.10853721201046995	-0.03379688008487265	-0.11664787187732029	0.020386288429682178	0.02629841853725357	-0.059615169018928583	0.0004241181788183106	0.014602914871878576	0.05846090658735106	-0.07195169693692907	-0.18840293154422436	0.03491873784327117	0.02660738192457095	-0.2049049009003966	-0.07604220640078974	-0.04465694070231416	0.009243172633681013	0.001641433094408605	-0.08796271484728227	0.041628908111193415	-0.0207211291178964	0.014527516982034623	0.05237154263444772	0.059374542988174586	0.021410708549362806	0.004950362594634336	-0.025404861869912178	-0.00489453020602505	-0.030457313994724348	-0.027487323291931154	0.022683725329993843	-0.00485610209931449	-0.018263168103107474	0.0052239611608673716	-0.032916084050009606	-0.02711557234931857	-0.010685361389600662	0.01456570164460638	-0.004387210935027571	-0.05658443391910702	-0.07847007191832892	0.2532214356250691	-0.01923307102401253	0.006375326485199286	-0.014201600616973974	-0.006994928448067033	0.01542236027771982	-0.021388401212392143	0.03016012657053305	0.01639266606259424	0.0011634774779176206
AF8	0.04966999962925911	0.07208055257797241	0.029420280829072	2.2282629796500335	1.827343373855645	0.05403888819899202	-0.01733567294408087	-0.1796145785880688	-0.05606956115316807	0.14757050266188873	0.13766763303871513	-0.04509171734539572	-0.08771849336486788	0.02046371500246767	0.045446170330376255	-0.06261398518743984	-0.09648984401225523	0.0306871777925737	0.04587285553978179	-0.07580621826037937	-0.102552061286805	0.019229387468529927	0.018530968549837944	-0.14317424446383498	-0.08882465260485134	-0.04345202208951133	0.02122045566738198	-0.01802918513733962	-0.053158001040136446	0.03095656556835985	-0.01719417758522437	0.04336268164466849	-0.19015732792320356	-0.037614435220412495	0.016881753445245982	-0.061668866757523894	-0.01780314934782515	-0.01699739556318166	-0.044259137849784795	0.008894587069483215	-0.03418945922111833	0.013046879481413096	0.011575810280864652	0.020475878008336435	-0.03054174528608959	-0.04383489526726124	0.008584347227265449	0.015818972859859094	-0.03749330423625798	-0.026332223830559155	-0.05224303789162103	0.009415739629742622	-0.03770003577466478	0.006007103934396225	-0.029353076953934173	-0.009447147620899363	0.012062618546983392	-0.02945336125118461	0.030874987337831023	0.017851702092808036	-0.002375351006465538
