channel	all_recordings	run_01	run_02
CP2	7	6	1
CP1	6	3	3
FT10	6	5	1
T8	6	4	2
TP10	6	3	3
FT9	5	5	0
Cz	4	2	2
T7	4	3	1
TP9	4	2	2
AF8	2	1	1
FT8	2	1	1
Fp2	2	2	0
P1	2	2	0
TP7	2	1	1
AFz	1	1	0
F2	1	1	0
FC3	1	1	0
FT7	1	1	0
Fp1	1	1	0
Oz	1	1	0
P2	1	1	0
PO3	1	1	0
PO7	1	0	1
Pz	1	1	0
AF3	0	0	0
AF4	0	0	0
AF7	0	0	0
C1	0	0	0
C2	0	0	0
C3	0	0	0
C4	0	0	0
C5	0	0	0
C6	0	0	0
CP3	0	0	0
CP4	0	0	0
CP5	0	0	0
CP6	0	0	0
F1	0	0	0
F3	0	0	0
F4	0	0	0
F5	0	0	0
F6	0	0	0
F7	0	0	0
F8	0	0	0
FC1	0	0	0
FC2	0	0	0
FC4	0	0	0
FC5	0	0	0
FC6	0	0	0
FCz	0	0	0
Fz	0	0	0
O1	0	0	0
O2	0	0	0
P3	0	0	0
P4	0	0	0
P5	0	0	0
P6	0	0	0
P7	0	0	0
P8	0	0	0
PO4	0	0	0
PO8	0	0	0
POz	0	0	0
TP8	0	0	0
