recording	channel	median_uV	sd_uV	abs_p99_uV	median_centered_abs_p99_uV	peak_to_peak_uV	max_abs_time_s
sub-001_run-01	VEOG	2463322.5	51582.146457329545	2635066.755	171760.13	2959000.4189453125	34.998
sub-001_run-01	HEOG	-1467168.875	22016.074249366346	1504611.5074999998	83172.25	2360678.275390625	34.998
sub-001_run-02	VEOG	2491167.2499999995	78236.77399688687	2631581.565	140492.75	576335.1249999998	2697.988
sub-001_run-02	HEOG	-1515438.5	29743.150009961253	1565251.0	73079.53750000024	747085.8125	2793.316
sub-002_run-01	VEOG	232612.7890625	51846.95669331819	366567.0984375	152078.59359374997	739274.03125	802.202
sub-002_run-01	HEOG	-356775.375	113534.3353100068	528546.25625	302955.701875	864143.671875	795.982
sub-002_run-02	VEOG	327492.34374999994	35254.89583366074	463693.51875	140180.29968750005	550956.15234375	1943.894
sub-002_run-02	HEOG	-632200.8124999999	53366.744194589744	715541.8937499999	164576.5918749999	393995.96875	794.942
sub-003_run-01	VEOG	2989856.25	503.75673050952076	2990588.5	1114.25	2162.7499999995343	536.186
sub-003_run-01	HEOG	-690663.90625	25683.39738760441	761828.13125	82357.91687500016	239255.125	536.786
sub-003_run-02	VEOG	2992380.0	545.8883323855968	2993030.4999999995	1017.0	36769.249999999534	1881.294
sub-003_run-02	HEOG	-690965.0625	27022.19334934192	755577.0025	66772.25250000002	243674.81250000012	1942.128
sub-004_run-01	VEOG	12343.5263671875	187.27745658312557	12647.8076171875	577.5693359375	2215.802734374998	502.18
sub-004_run-01	HEOG	-393474.25	1415233.7209660234	2996870.0025	3390344.2525	5482210.75	733.882
sub-004_run-02	VEOG	12600.1240234375	228.5335449898666	13009.90625	641.345703125	2161.8603515625	841.944
sub-004_run-02	HEOG	-983928.4374999999	407134.0474999318	2383671.2225	1873663.6762500005	5482339.75	57.476
sub-005_run-01	VEOG	-1160252.75	198050.9695434007	1659404.7350000017	514366.0874999999	1485851.8125	776.964
sub-005_run-01	HEOG	-179416.82812499997	42312.20471499165	280357.10125	148253.41031250008	998853.439453125	543.608
sub-005_run-02	VEOG	-1602980.375	76183.84345980338	1702754.75	211622.28375000003	1143661.7499999998	32.398
sub-005_run-02	HEOG	-285141.625	48078.33242860938	355837.3496875	100731.11828125	287106.32812499994	43.21
sub-006_run-01	VEOG	12430.8466796875	217.02422707132044	12843.310546874998	614.2255859375	1947.5820312499982	1052.364
sub-006_run-01	HEOG	-173982.375	35813.14962492186	275831.8275	101851.8125	246186.5546875	23.456
sub-006_run-02	VEOG	12546.77734375	196.98908161625556	12912.154296874998	571.3105468750018	1949.9658203125	521.398
sub-006_run-02	HEOG	-129058.9609375	19872.593941661336	172977.453125	50158.209140625004	173898.6328125	1388.36
sub-007_run-01	VEOG	567286.6249999999	124639.74622582749	664175.7825	375695.9268749999	611748.6640625	603.656
sub-007_run-01	HEOG	226851.703125	881244.7980154098	1326100.405	1550886.788125	5473236.5	603.666
sub-007_run-02	VEOG	593994.8749999999	89862.67543747109	794991.5712499999	202887.07437500003	797784.638671875	1847.008
sub-007_run-02	HEOG	214519.0546875	517652.2261760244	1129354.005	1313594.2446875	4330463.875	1484.436
sub-008_run-01	VEOG	1232804.5	32638.545733686162	1294473.57625	82529.26125000007	787010.5	55.262
sub-008_run-01	HEOG	1126212.9374999998	120728.76971664662	1373099.3875	247258.60750000016	1033475.375	55.276
sub-008_run-02	VEOG	1403386.875	230368.34273327922	1853041.2300000007	449654.3550000007	1070562.8125	840.496
sub-008_run-02	HEOG	776207.4375	86165.5352388372	957784.8424999999	181577.40499999994	393151.625	12.6
sub-009_run-01	VEOG	676353.5625	56058.02692800506	786252.9037499999	130531.83500000011	770662.125	536.488
sub-009_run-01	HEOG	1375.6751708984373	121.78761970249765	1624.8226318359375	298.6192626953123	1128.9119873046873	40.16
sub-009_run-02	VEOG	760656.0	38343.91813987955	838626.009375	81722.4375	1067850.265625	167.896
sub-009_run-02	HEOG	1010.0007324218749	110.8438609577138	1283.884033203125	280.4398193359376	1075.5658569335938	391.476
sub-010_run-01	VEOG	581552.6875	188921.0466796423	1002379.4450000001	425005.9149999999	4223261.125	597.472
sub-010_run-01	HEOG	-231447.515625	28059.866772925394	301299.044375	79353.76187500001	268095.44531249994	2.282
sub-010_run-02	VEOG	448099.68749999994	91022.68685494638	623421.98875	176293.45625000005	1177971.3203125	56.802
sub-010_run-02	HEOG	-242860.01562499997	26456.77919111463	290796.025625	76747.6084375	228884.22656249994	1094.618
sub-011_run-01	VEOG	399434.125	47881.10286913639	521232.1075000002	129766.97781250006	483151.9921875	464.338
sub-011_run-01	HEOG	1639.127685546875	102.42755868724797	1873.969970703125	246.4652099609375	1038.6109008789062	47.338
sub-011_run-02	VEOG	491089.8125	62176.607816876574	608518.51875	117772.8125	348068.46875	1576.388
sub-011_run-02	HEOG	1148.58154296875	153.12181854863027	1558.95947265625	410.9739990234375	1152.1577758789062	38.674
sub-012_run-01	VEOG	-343167.78124999994	67259.55598796217	503373.9774999999	160382.79250000004	741496.6976318358	80.082
sub-012_run-01	HEOG	804511.625	26117.43723007803	850956.2875	85247.26500000001	232968.93750000012	740.686
sub-012_run-02	VEOG	-89271.96093749999	86126.989056582	290008.7871875	203488.48249999995	1022471.46875	1504.584
sub-012_run-02	HEOG	709101.25	60689.155668393134	844697.0625	139798.8243749999	631335.96875	1504.772
sub-013_run-01	VEOG	528215.1875	67924.59214946869	692196.0175000001	164686.74250000008	996994.03125	361.39
sub-013_run-01	HEOG	-718688.3749999999	73153.42295485496	843351.655	162455.59999999998	465863.93749999994	441.55
sub-013_run-02	VEOG	585981.90625	65353.46925149321	718970.31875	133260.7875	397626.15625	1589.878
sub-013_run-02	HEOG	-800240.6249999999	46932.462133427194	895817.721875	116165.17687500002	343644.6249999999	201.796
sub-014_run-01	VEOG	1011788.5625	29121.832097785864	1057351.8487500001	100233.45250000013	451524.1875	451.634
sub-014_run-01	HEOG	628311.9374999999	109160.98346931554	727044.668125	549934.5946875007	1336688.0625	84.55
sub-014_run-02	VEOG	1002850.25	31305.33401709018	1074053.31875	81015.6275	284888.4374999999	868.236
sub-014_run-02	HEOG	575810.84375	38799.16006693279	649567.8493749999	106246.52687500005	393227.03125	349.436
sub-015_run-01	VEOG	-118375.71875	32380.394172655608	203087.95171875003	89576.25607421876	322498.091796875	647.42
sub-015_run-01	HEOG	-151937.90625	30551.912398572505	230236.41656250035	79387.12796874998	221923.28515625	33.452
sub-015_run-02	VEOG	-116697.39843749999	35453.69438607022	178036.99624999997	73666.7326171875	306809.23828125	473.814
sub-015_run-02	HEOG	-185680.09375	30692.008998571462	237375.22515625003	75268.303828125	196219.390625	1941.364
sub-016_run-01	VEOG	-543938.25	50817.06167911548	649109.9331249999	108485.05812500003	308847.71875000006	5.066
sub-016_run-01	HEOG	146152.2265625	43437.08316672047	233872.68265625	110099.32933593751	330817.103515625	8.692
sub-016_run-02	VEOG	-357323.59375	72043.25314390137	501324.1	144756.38624999998	404028.2812499999	20.86
sub-016_run-02	HEOG	86929.5	22938.73592719003	142543.24125	57534.138750000006	389057.40625	587.506
sub-017_run-01	VEOG	811982.125	64525.050318914036	946731.3312499999	137339.49374999994	657336.0625	38.164
sub-017_run-01	HEOG	594485.6875	40095.9885147914	734112.9187500001	152554.05812500004	404284.87500000006	29.82
sub-017_run-02	VEOG	595890.15625	48854.461520853525	736698.5031249999	141274.1593749999	490570.0625	13.754
sub-017_run-02	HEOG	564529.0	30417.465211112798	632954.8125	76193.1878125	256440.0625	1769.158
