recording	condition	original	eligible_same_type_rule	excluded_same_type_rule
sub-001_run-01	STATUS	3	3	0
sub-001_run-01	ODDBALL START	1	1	0
sub-001_run-01	ODDBALL STANDARD	159	159	0
sub-001_run-01	ODDBALL RARE	41	41	0
sub-001_run-01	ODDBALL DONE	1	1	0
sub-001_run-01	GAMBLING WIN	18	18	0
sub-001_run-01	GAMBLING LOSS	17	17	0
sub-001_run-02	STATUS	175	175	0
sub-001_run-02	GAME OVER	1	1	0
sub-001_run-02	SHOOT_BUTTON	1382	1382	0
sub-001_run-02	MISSILE_HIT_ENEMY	766	766	0
sub-001_run-02	COLLECT_STAR	1228	662	566
sub-001_run-02	PLAYER_CRASH_ENEMY	150	150	0
sub-001_run-02	PLAYER_CRASH_WALL	247	122	125
sub-001_run-02	COLLECT_AMMO	117	117	0
sub-001_run-02	GAME START	4	4	0
sub-002_run-01	STATUS	1	1	0
sub-002_run-01	ODDBALL START	1	1	0
sub-002_run-01	ODDBALL STANDARD	162	162	0
sub-002_run-01	ODDBALL RARE	38	38	0
sub-002_run-01	ODDBALL DONE	1	1	0
sub-002_run-02	STATUS	198	198	0
sub-002_run-02	GAME OVER	1	1	0
sub-002_run-02	COLLECT_STAR	667	329	338
sub-002_run-02	SHOOT_BUTTON	500	500	0
sub-002_run-02	PLAYER_CRASH_ENEMY	118	118	0
sub-002_run-02	COLLECT_AMMO	49	49	0
sub-002_run-02	MISSILE_HIT_ENEMY	296	296	0
sub-002_run-02	PLAYER_CRASH_WALL	286	77	209
sub-002_run-02	GAME START	8	8	0
sub-003_run-01	STATUS	1	1	0
sub-003_run-01	ODDBALL START	1	1	0
sub-003_run-01	ODDBALL STANDARD	159	159	0
sub-003_run-01	ODDBALL RARE	41	41	0
sub-003_run-01	ODDBALL DONE	1	1	0
sub-003_run-02	STATUS	208	208	0
sub-003_run-02	COLLECT_STAR	836	423	413
sub-003_run-02	SHOOT_BUTTON	412	412	0
sub-003_run-02	PLAYER_CRASH_ENEMY	113	113	0
sub-003_run-02	MISSILE_HIT_ENEMY	204	204	0
sub-003_run-02	PLAYER_CRASH_WALL	695	175	520
sub-003_run-02	COLLECT_AMMO	45	45	0
sub-003_run-02	GAME START	12	12	0
sub-004_run-01	STATUS	2	2	0
sub-004_run-01	GAMBLING WIN	40	40	0
sub-004_run-01	GAMBLING LOSS	40	40	0
sub-004_run-01	ODDBALL START	1	1	0
sub-004_run-01	ODDBALL STANDARD	163	163	0
sub-004_run-01	ODDBALL RARE	37	37	0
sub-004_run-01	ODDBALL DONE	1	1	0
sub-004_run-02	STATUS	114	114	0
sub-004_run-02	GAME OVER	1	1	0
sub-004_run-02	SHOOT_BUTTON	835	835	0
sub-004_run-02	MISSILE_HIT_ENEMY	370	370	0
sub-004_run-02	COLLECT_STAR	1015	493	522
sub-004_run-02	PLAYER_CRASH_WALL	359	126	233
sub-004_run-02	PLAYER_CRASH_ENEMY	109	109	0
sub-004_run-02	COLLECT_AMMO	59	59	0
sub-004_run-02	GAME START	1	1	0
sub-005_run-01	STATUS	1	1	0
sub-005_run-01	ODDBALL START	1	1	0
sub-005_run-01	ODDBALL STANDARD	161	161	0
sub-005_run-01	ODDBALL RARE	39	39	0
sub-005_run-01	ODDBALL DONE	1	1	0
sub-005_run-02	STATUS	418	418	0
sub-005_run-02	GAME OVER	1	1	0
sub-005_run-02	SHOOT_BUTTON	950	950	0
sub-005_run-02	MISSILE_HIT_ENEMY	429	429	0
sub-005_run-02	COLLECT_STAR	638	370	268
sub-005_run-02	PLAYER_CRASH_ENEMY	84	84	0
sub-005_run-02	COLLECT_AMMO	77	77	0
sub-005_run-02	PLAYER_CRASH_WALL	166	34	132
sub-005_run-02	GAME START	1	1	0
sub-006_run-01	STATUS	7	7	0
sub-006_run-01	ODDBALL START	1	1	0
sub-006_run-01	ODDBALL STANDARD	159	159	0
sub-006_run-01	ODDBALL RARE	41	41	0
sub-006_run-01	ODDBALL DONE	1	1	0
sub-006_run-01	GAMBLING WIN	120	120	0
sub-006_run-01	GAMBLING LOSS	120	120	0
sub-006_run-02	STATUS	223	223	0
sub-006_run-02	GAME OVER	1	1	0
sub-006_run-02	SHOOT_BUTTON	589	589	0
sub-006_run-02	MISSILE_HIT_ENEMY	212	212	0
sub-006_run-02	PLAYER_CRASH_ENEMY	136	136	0
sub-006_run-02	COLLECT_STAR	1062	537	525
sub-006_run-02	PLAYER_CRASH_WALL	384	148	236
sub-006_run-02	COLLECT_AMMO	57	57	0
sub-006_run-02	GAME START	6	6	0
sub-007_run-01	STATUS	3	3	0
sub-007_run-01	ODDBALL START	1	1	0
sub-007_run-01	ODDBALL STANDARD	156	156	0
sub-007_run-01	ODDBALL RARE	44	44	0
sub-007_run-01	ODDBALL DONE	1	1	0
sub-007_run-01	GAMBLING WIN	40	40	0
sub-007_run-01	GAMBLING LOSS	40	40	0
sub-007_run-02	STATUS	388	388	0
sub-007_run-02	GAME OVER	1	1	0
sub-007_run-02	SHOOT_BUTTON	405	405	0
sub-007_run-02	MISSILE_HIT_ENEMY	283	283	0
sub-007_run-02	COLLECT_STAR	595	363	232
sub-007_run-02	COLLECT_AMMO	41	41	0
sub-007_run-02	PLAYER_CRASH_ENEMY	80	80	0
sub-007_run-02	PLAYER_CRASH_WALL	55	28	27
sub-007_run-02	GAME START	1	1	0
sub-008_run-01	STATUS	3	3	0
sub-008_run-01	ODDBALL START	1	1	0
sub-008_run-01	ODDBALL STANDARD	160	160	0
sub-008_run-01	ODDBALL RARE	40	40	0
sub-008_run-01	ODDBALL DONE	1	1	0
sub-008_run-01	GAMBLING WIN	40	40	0
sub-008_run-01	GAMBLING LOSS	40	40	0
sub-008_run-01	GAME OVER	1	1	0
sub-008_run-01	SHOOT_BUTTON	8	8	0
sub-008_run-01	PLAYER_CRASH_ENEMY	2	2	0
sub-008_run-01	COLLECT_STAR	1	1	0
sub-008_run-02	STATUS	139	139	0
sub-008_run-02	SHOOT_BUTTON	998	998	0
sub-008_run-02	MISSILE_HIT_ENEMY	515	515	0
sub-008_run-02	COLLECT_STAR	774	370	404
sub-008_run-02	COLLECT_AMMO	81	81	0
sub-008_run-02	PLAYER_CRASH_ENEMY	109	109	0
sub-008_run-02	PLAYER_CRASH_WALL	146	52	94
sub-008_run-02	GAME START	3	3	0
sub-009_run-01	STATUS	3	3	0
sub-009_run-01	ODDBALL START	1	1	0
sub-009_run-01	ODDBALL STANDARD	160	160	0
sub-009_run-01	ODDBALL RARE	40	40	0
sub-009_run-01	ODDBALL DONE	1	1	0
sub-009_run-01	GAMBLING WIN	40	40	0
sub-009_run-01	GAMBLING LOSS	40	40	0
sub-009_run-02	STATUS	192	192	0
sub-009_run-02	GAME OVER	1	1	0
sub-009_run-02	SHOOT_BUTTON	882	882	0
sub-009_run-02	PLAYER_CRASH_ENEMY	124	124	0
sub-009_run-02	MISSILE_HIT_ENEMY	516	516	0
sub-009_run-02	COLLECT_AMMO	74	74	0
sub-009_run-02	PLAYER_CRASH_WALL	120	48	72
sub-009_run-02	COLLECT_STAR	988	520	468
sub-010_run-01	STATUS	3	3	0
sub-010_run-01	ODDBALL START	1	1	0
sub-010_run-01	ODDBALL STANDARD	160	160	0
sub-010_run-01	ODDBALL RARE	40	40	0
sub-010_run-01	ODDBALL DONE	1	1	0
sub-010_run-01	GAMBLING WIN	40	40	0
sub-010_run-01	GAMBLING LOSS	40	40	0
sub-010_run-02	STATUS	219	219	0
sub-010_run-02	GAME OVER	1	1	0
sub-010_run-02	SHOOT_BUTTON	464	464	0
sub-010_run-02	MISSILE_HIT_ENEMY	263	263	0
sub-010_run-02	PLAYER_CRASH_WALL	422	132	290
sub-010_run-02	COLLECT_STAR	801	380	421
sub-010_run-02	COLLECT_AMMO	47	47	0
sub-010_run-02	PLAYER_CRASH_ENEMY	96	96	0
sub-010_run-02	GAME START	5	5	0
sub-011_run-01	STATUS	3	3	0
sub-011_run-01	ODDBALL START	1	1	0
sub-011_run-01	ODDBALL STANDARD	160	160	0
sub-011_run-01	ODDBALL RARE	40	40	0
sub-011_run-01	ODDBALL DONE	1	1	0
sub-011_run-01	GAMBLING WIN	40	40	0
sub-011_run-01	GAMBLING LOSS	40	40	0
sub-011_run-02	STATUS	190	190	0
sub-011_run-02	GAME OVER	1	1	0
sub-011_run-02	SHOOT_BUTTON	1188	1188	0
sub-011_run-02	MISSILE_HIT_ENEMY	416	416	0
sub-011_run-02	PLAYER_CRASH_ENEMY	111	111	0
sub-011_run-02	COLLECT_STAR	718	354	364
sub-011_run-02	PLAYER_CRASH_WALL	104	43	61
sub-011_run-02	COLLECT_AMMO	75	75	0
sub-011_run-02	GAME START	4	4	0
sub-012_run-01	STATUS	3	3	0
sub-012_run-01	ODDBALL START	1	1	0
sub-012_run-01	ODDBALL STANDARD	160	160	0
sub-012_run-01	ODDBALL RARE	40	40	0
sub-012_run-01	ODDBALL DONE	1	1	0
sub-012_run-01	GAMBLING WIN	40	40	0
sub-012_run-01	GAMBLING LOSS	40	40	0
sub-012_run-02	STATUS	149	149	0
sub-012_run-02	GAME OVER	1	1	0
sub-012_run-02	SHOOT_BUTTON	1398	1398	0
sub-012_run-02	MISSILE_HIT_ENEMY	175	175	0
sub-012_run-02	PLAYER_CRASH_ENEMY	91	91	0
sub-012_run-02	COLLECT_STAR	659	319	340
sub-012_run-02	PLAYER_CRASH_WALL	550	131	419
sub-012_run-02	COLLECT_AMMO	53	53	0
sub-012_run-02	GAME START	9	9	0
sub-013_run-01	STATUS	3	3	0
sub-013_run-01	ODDBALL START	1	1	0
sub-013_run-01	ODDBALL STANDARD	160	160	0
sub-013_run-01	ODDBALL RARE	40	40	0
sub-013_run-01	ODDBALL DONE	1	1	0
sub-013_run-01	GAMBLING WIN	40	40	0
sub-013_run-01	GAMBLING LOSS	40	40	0
sub-013_run-02	STATUS	355	355	0
sub-013_run-02	GAME OVER	1	1	0
sub-013_run-02	SHOOT_BUTTON	468	468	0
sub-013_run-02	MISSILE_HIT_ENEMY	341	341	0
sub-013_run-02	PLAYER_CRASH_ENEMY	86	86	0
sub-013_run-02	PLAYER_CRASH_WALL	105	61	44
sub-013_run-02	COLLECT_STAR	728	382	346
sub-013_run-02	COLLECT_AMMO	53	53	0
sub-013_run-02	GAME START	1	1	0
sub-014_run-01	STATUS	3	3	0
sub-014_run-01	ODDBALL START	1	1	0
sub-014_run-01	ODDBALL STANDARD	160	160	0
sub-014_run-01	ODDBALL RARE	40	40	0
sub-014_run-01	ODDBALL DONE	1	1	0
sub-014_run-01	GAMBLING WIN	40	40	0
sub-014_run-01	GAMBLING LOSS	40	40	0
sub-014_run-02	STATUS	313	313	0
sub-014_run-02	GAME OVER	1	1	0
sub-014_run-02	SHOOT_BUTTON	858	858	0
sub-014_run-02	PLAYER_CRASH_WALL	82	45	37
sub-014_run-02	COLLECT_STAR	645	395	250
sub-014_run-02	MISSILE_HIT_ENEMY	551	551	0
sub-014_run-02	COLLECT_AMMO	80	80	0
sub-014_run-02	PLAYER_CRASH_ENEMY	85	85	0
sub-014_run-02	GAME START	3	3	0
sub-015_run-01	STATUS	3	3	0
sub-015_run-01	ODDBALL START	1	1	0
sub-015_run-01	ODDBALL STANDARD	160	160	0
sub-015_run-01	ODDBALL RARE	40	40	0
sub-015_run-01	ODDBALL DONE	1	1	0
sub-015_run-01	GAMBLING WIN	40	40	0
sub-015_run-01	GAMBLING LOSS	40	40	0
sub-015_run-02	STATUS	320	320	0
sub-015_run-02	GAME OVER	1	1	0
sub-015_run-02	SHOOT_BUTTON	687	687	0
sub-015_run-02	MISSILE_HIT_ENEMY	456	456	0
sub-015_run-02	COLLECT_STAR	578	344	234
sub-015_run-02	PLAYER_CRASH_ENEMY	67	67	0
sub-015_run-02	PLAYER_CRASH_WALL	301	60	241
sub-015_run-02	COLLECT_AMMO	65	65	0
sub-015_run-02	GAME START	2	2	0
sub-016_run-01	STATUS	3	3	0
sub-016_run-01	ODDBALL START	1	1	0
sub-016_run-01	ODDBALL STANDARD	160	160	0
sub-016_run-01	ODDBALL RARE	40	40	0
sub-016_run-01	ODDBALL DONE	1	1	0
sub-016_run-01	GAMBLING WIN	40	40	0
sub-016_run-01	GAMBLING LOSS	40	40	0
sub-016_run-02	STATUS	161	161	0
sub-016_run-02	GAME OVER	1	1	0
sub-016_run-02	PLAYER_CRASH_WALL	210	86	124
sub-016_run-02	COLLECT_STAR	1090	572	518
sub-016_run-02	SHOOT_BUTTON	886	886	0
sub-016_run-02	MISSILE_HIT_ENEMY	455	455	0
sub-016_run-02	PLAYER_CRASH_ENEMY	146	146	0
sub-016_run-02	COLLECT_AMMO	76	76	0
sub-016_run-02	GAME START	5	5	0
sub-017_run-01	STATUS	3	3	0
sub-017_run-01	ODDBALL START	1	1	0
sub-017_run-01	ODDBALL STANDARD	160	160	0
sub-017_run-01	ODDBALL RARE	40	40	0
sub-017_run-01	ODDBALL DONE	1	1	0
sub-017_run-01	GAMBLING WIN	40	40	0
sub-017_run-01	GAMBLING LOSS	40	40	0
sub-017_run-02	STATUS	320	320	0
sub-017_run-02	GAME OVER	1	1	0
sub-017_run-02	SHOOT_BUTTON	652	652	0
sub-017_run-02	MISSILE_HIT_ENEMY	247	247	0
sub-017_run-02	COLLECT_STAR	753	406	347
sub-017_run-02	COLLECT_AMMO	54	54	0
sub-017_run-02	PLAYER_CRASH_ENEMY	103	103	0
sub-017_run-02	PLAYER_CRASH_WALL	211	65	146
sub-017_run-02	GAME START	3	3	0
