recording	subject	run	samples	sfreq	duration_s	eeg	eog	event_rows	gambling_outcomes
sub-001_run-01	001	01	415175	500.0	830.35	63	2	240	35
sub-001_run-02	001	02	1398675	500.0	2797.35	63	2	4070	0
sub-002_run-01	002	01	401200	500.0	802.4	63	2	203	0
sub-002_run-02	002	02	1004675	500.0	2009.35	63	2	2123	0
sub-003_run-01	003	01	272150	500.0	544.3	63	2	203	0
sub-003_run-02	003	02	978525	500.0	1957.05	63	2	2525	0
sub-004_run-01	004	01	370300	500.0	740.6	63	2	284	80
sub-004_run-02	004	02	967800	500.0	1935.6	63	2	2863	0
sub-005_run-01	005	01	409275	500.0	818.55	63	2	203	0
sub-005_run-02	005	02	1004200	500.0	2008.4	63	2	2764	0
sub-006_run-01	006	01	577400	500.0	1154.8	63	2	449	240
sub-006_run-02	006	02	1024500	500.0	2049.0	63	2	2670	0
sub-007_run-01	007	01	435225	500.0	870.45	63	2	285	80
sub-007_run-02	007	02	937200	500.0	1874.4	63	2	1849	0
sub-008_run-01	008	01	443150	500.0	886.3	63	2	297	80
sub-008_run-02	008	02	929575	500.0	1859.15	63	2	2765	0
sub-009_run-01	009	01	408175	500.0	816.35	63	2	285	80
sub-009_run-02	009	02	1009100	500.0	2018.2	63	2	2897	0
sub-010_run-01	010	01	368875	500.0	737.75	63	2	285	80
sub-010_run-02	010	02	949175	500.0	1898.35	63	2	2318	0
sub-011_run-01	011	01	346600	500.0	693.2	63	2	285	80
sub-011_run-02	011	02	977375	500.0	1954.75	63	2	2807	0
sub-012_run-01	012	01	372275	500.0	744.55	63	2	285	80
sub-012_run-02	012	02	758400	500.0	1516.8	63	2	3085	0
sub-013_run-01	013	01	307925	500.0	615.85	63	2	285	80
sub-013_run-02	013	02	930350	500.0	1860.7	63	2	2138	0
sub-014_run-01	014	01	333550	500.0	667.1	63	2	285	80
sub-014_run-02	014	02	1021850	500.0	2043.7	63	2	2618	0
sub-015_run-01	015	01	365000	500.0	730.0	63	2	285	80
sub-015_run-02	015	02	980550	500.0	1961.1	63	2	2477	0
sub-016_run-01	016	01	403750	500.0	807.5	63	2	285	80
sub-016_run-02	016	02	973725	500.0	1947.45	63	2	3030	0
sub-017_run-01	017	01	381075	500.0	762.15	63	2	285	80
sub-017_run-02	017	02	954500	500.0	1909.0	63	2	2344	0
