subject	task	count	first_s	last_s	span_min
001	ODDBALL	202	126.416	530.874	6.740966666666667
001	GAMBLING	35	637.398	783.728	2.4388333333333323
002	ODDBALL	202	108.324	505.94	6.626933333333333
003	ODDBALL	202	73.064	479.076	6.766866666666668
004	ODDBALL	202	279.18	679.136	6.665933333333332
004	GAMBLING	80	22.824	188.528	2.761733333333333
005	ODDBALL	202	139.204	538.048	6.6474
006	ODDBALL	202	25.944	427.642	6.694966666666667
006	GAMBLING	240	501.668	1096.782	9.918566666666665
007	ODDBALL	202	130.288	541.212	6.848733333333333
007	GAMBLING	80	689.986	823.1	2.2185666666666672
008	ODDBALL	202	73.622	476.802	6.719666666666667
008	GAMBLING	80	544.704	761.398	3.611566666666668
009	ODDBALL	202	172.964	571.048	6.634733333333333
009	GAMBLING	80	628.318	775.564	2.4540999999999995
010	ODDBALL	202	92.998	495.036	6.700633333333333
010	GAMBLING	80	550.738	698.962	2.470399999999999
011	ODDBALL	202	31.388	431.228	6.664000000000001
011	GAMBLING	80	508.788	667.704	2.648599999999999
012	ODDBALL	202	81.538	486.92	6.756366666666667
012	GAMBLING	80	543.672	726.918	3.0540999999999996
013	ODDBALL	202	16.422	406.792	6.506166666666666
013	GAMBLING	80	463.48	589.536	2.100933333333332
014	ODDBALL	202	8.684	411.402	6.711966666666666
014	GAMBLING	80	462.164	652.08	3.1652666666666676
015	ODDBALL	202	51.04	456.186	6.752433333333332
015	GAMBLING	80	527.488	698.094	2.843433333333333
016	ODDBALL	202	64.404	457.522	6.551966666666667
016	GAMBLING	80	515.094	661.248	2.4358999999999997
017	ODDBALL	202	104.378	505.144	6.679433333333334
017	GAMBLING	80	597.45	740.85	2.3899999999999997
