subject	original_id	log_duration_min	game_event_span_min	first_round_in_run2	eeg_round_onset_s	log_round_onset_s	implied_log_time_at_eeg_start_s
001	601	45.928756666666665	45.86644666666666	100	90.44	0.5293	-89.91069999999999
002	602	30.56045	30.532283333333332	100	118.09	0.0169	-118.0731
003	603	32.319916666666664	32.26425	101	148.444	189.327	40.88300000000001
004	604	52.6358	31.4538	100	73.49	0.0	-73.49
005	605	30.658366666666666	30.54655	100	141.282	0.0	-141.282
006	606	32.24633333333333	32.10456666666666	100	166.796	0.0	-166.796
007	607	31.592233333333336	31.118666666666666	100	24.26	0.0	-24.26
008	608	31.8005	31.62203333333333	102	11.388	57.368	45.980000000000004
009	609	33.104816666666665	32.86966666666667	100	90.452	0.0	-90.452
010	610	31.13365	30.989766666666664	100	52.51	0.0	-52.51
011	611	31.713316666666667	31.6868	100	85.602	0.0	-85.602
012	612	31.119500000000002	30.95651666666667	100	106.33	0.0	-106.33
013	613	30.13705	29.906033333333333	100	81.586	0.0	-81.586
014	615	36.62663333333333	33.13163333333333	100	72.984	0.0	-72.984
015	616	30.84191666666667	30.628766666666667	100	118.25	0.0	-118.25
016	617	30.79595	30.77035	100	85.746	0.0	-85.746
017	618	30.723200000000002	30.693766666666665	100	100.868	0.0	-100.868
